task: [lint:cpp-lint-configs] /home/nathan/clpdev/tools/yscope-dev-utils/exports/lint-configs/symlink-cpp-lint-configs.sh
Already symlinked '/home/nathan/clpdev//tools/yscope-dev-utils/exports/lint-configs/.clang-format' to '/home/nathan/clpdev//.clang-format'.
Already symlinked '/home/nathan/clpdev//tools/yscope-dev-utils/exports/lint-configs/.clang-tidy' to '/home/nathan/clpdev//.clang-tidy'.
task: Task "lint:venv" is up to date
task: [utils:cpp-lint:clang-format] . "/home/nathan/clpdev/build/lint-venv/bin/activate"
uv run --project "/home/nathan/clpdev/tools/yscope-dev-utils/exports/taskfiles/utils/../../ystdlib-py" pyfind \
    "/home/nathan/clpdev/components/core/src" \
    "/home/nathan/clpdev/components/core/tests" \
    --exclude "clp_s/search/kql/generated/*" \
    --exclude "clp_s/search/sql/generated/*" \
    --filename "*.cpp" \
    --filename "*.h" \
    --filename "*.hpp" \
    --filename "*.inc" \
| xargs clang-format \
    -i \
  -Werror
warning: `VIRTUAL_ENV=build/lint-venv` does not match the project environment path `tools/yscope-dev-utils/exports/ystdlib-py/.venv` and will be ignored; use `--active` to target the active environment instead
task: [lint:cpp-lint-configs] /home/nathan/clpdev/tools/yscope-dev-utils/exports/lint-configs/symlink-cpp-lint-configs.sh
Already symlinked '/home/nathan/clpdev//tools/yscope-dev-utils/exports/lint-configs/.clang-format' to '/home/nathan/clpdev//.clang-format'.
Already symlinked '/home/nathan/clpdev//tools/yscope-dev-utils/exports/lint-configs/.clang-tidy' to '/home/nathan/clpdev//.clang-tidy'.
task: [deps:utils:init] mkdir -p '/home/nathan/clpdev/build/deps'
task: Task "deps:utils:clean-outdated-cpp-checksum-files" is up to date
task: [deps:utils:init] mkdir -p '/home/nathan/clpdev/build/deps/cpp'
task: [deps:utils:init] mkdir -p '/home/nathan/clpdev/build/deps/cpp/checksums'
task: [deps:utils:init] mkdir -p '/home/nathan/clpdev/build/deps/cpp/cmake-settings'
task: Task "deps:yscope-dev-utils:remote:curl-/home/nathan/clpdev/build/deps/cpp/antlr-4.13.2-complete.jar" is up to date
task: [deps:yscope-dev-utils:cmake:misc:make-or-clear-dir:/home/nathan/clpdev/build/deps/cpp/cmake-settings] rm -rf '/home/nathan/clpdev/build/deps/cpp/cmake-settings'
task: Task "codegen:clp-s-generate-parsers" is up to date
task: [deps:yscope-dev-utils:cmake:misc:make-or-clear-dir:/home/nathan/clpdev/build/deps/cpp/cmake-settings] mkdir -p '/home/nathan/clpdev/build/deps/cpp/cmake-settings'
task: [deps:yscope-dev-utils:cmake:install-deps-and-generate-settings:/home/nathan/clpdev/build/deps/cpp/cmake-settings-core-all-parallel] mkdir -p '/home/nathan/clpdev/build/deps/cpp/cmake-settings'
task: [deps:yscope-dev-utils:cmake:install-deps-and-generate-settings:/home/nathan/clpdev/build/deps/cpp/cmake-settings-core-all-parallel] rm -f  '/home/nathan/clpdev/build/deps/cpp/cmake-settings/all-core.cmake'
task: Task "deps:yscope-dev-utils:remote:curl-/home/nathan/clpdev/build/deps/cpp/utfcpp-src.tar.gz" is up to date
task: Task "deps:yscope-dev-utils:remote:curl-/home/nathan/clpdev/build/deps/cpp/sqlite3-src.zip" is up to date
task: Task "deps:yscope-dev-utils:boost:remote:curl-/home/nathan/clpdev/build/deps/cpp/boost-src.tar.gz" is up to date
task: Task "deps:yscope-dev-utils:remote:download-and-extract-tar-/home/nathan/clpdev/build/deps/cpp/utfcpp-src" is up to date
task: [deps:utfcpp] echo "set( CLP_UTFCPP_INCLUDE_DIRECTORY \"/home/nathan/clpdev/build/deps/cpp/utfcpp-src\" )" > "/home/nathan/clpdev/build/deps/cpp/cmake-settings/utfcpp.cmake"
task: Task "deps:yscope-dev-utils:remote:download-and-extract-zip-/home/nathan/clpdev/build/deps/cpp/sqlite3-src" is up to date
task: [deps:sqlite3] mkdir -p '/home/nathan/clpdev/build/deps/cpp/sqlite3-install/include'
task: [deps:sqlite3] rm -f '/home/nathan/clpdev/build/deps/cpp/sqlite3-install/include/sqlite3'
task: Task "deps:utils:yscope-dev-utils:cmake:remote:curl-/home/nathan/clpdev/build/deps/cpp/Catch2-extracted.tar.gz" is up to date
task: Task "deps:utils:yscope-dev-utils:cmake:remote:curl-/home/nathan/clpdev/build/deps/cpp/mongocxx-extracted.tar.gz" is up to date
task: Task "deps:utils:yscope-dev-utils:cmake:remote:curl-/home/nathan/clpdev/build/deps/cpp/fmt-extracted.tar.gz" is up to date
task: Task "deps:utils:yscope-dev-utils:cmake:remote:curl-/home/nathan/clpdev/build/deps/cpp/Microsoft.GSL-extracted.tar.gz" is up to date
task: Task "deps:utils:yscope-dev-utils:cmake:remote:curl-/home/nathan/clpdev/build/deps/cpp/LibLZMA-static-extracted.tar.gz" is up to date
task: [deps:sqlite3] ln -s '/home/nathan/clpdev/build/deps/cpp/sqlite3-src/sqlite-amalgamation-3360000' '/home/nathan/clpdev/build/deps/cpp/sqlite3-install/include/sqlite3'
task: Task "deps:yscope-dev-utils:remote:curl-/home/nathan/clpdev/build/deps/cpp/antlr4-runtime-src.tar.gz" is up to date
task: [deps:sqlite3] echo "set(CLP_SQLITE3_SOURCE_DIRECTORY \"/home/nathan/clpdev/build/deps/cpp/sqlite3-src/sqlite-amalgamation-3360000\")" \
> "/home/nathan/clpdev/build/deps/cpp/cmake-settings/sqlite3.cmake"
echo "set(CLP_SQLITE3_INCLUDE_DIRECTORY \"/home/nathan/clpdev/build/deps/cpp/sqlite3-install/include\")" \
>> "/home/nathan/clpdev/build/deps/cpp/cmake-settings/sqlite3.cmake"
task: Task "deps:utils:yscope-dev-utils:cmake:remote:curl-/home/nathan/clpdev/build/deps/cpp/nlohmann_json-extracted.tar.gz" is up to date
task: Task "deps:utils:yscope-dev-utils:cmake:remote:curl-/home/nathan/clpdev/build/deps/cpp/absl-extracted.tar.gz" is up to date
task: Task "deps:utils:yscope-dev-utils:cmake:remote:curl-/home/nathan/clpdev/build/deps/cpp/zstd-extracted.tar.gz" is up to date
task: Task "deps:utils:yscope-dev-utils:cmake:remote:curl-/home/nathan/clpdev/build/deps/cpp/zlib-extracted.tar.gz" is up to date
task: Task "deps:utils:yscope-dev-utils:cmake:remote:curl-/home/nathan/clpdev/build/deps/cpp/xxHash-extracted.tar.gz" is up to date
task: Task "deps:utils:yscope-dev-utils:cmake:remote:curl-/home/nathan/clpdev/build/deps/cpp/lz4-extracted.tar.gz" is up to date
task: Task "deps:utils:yscope-dev-utils:cmake:remote:curl-/home/nathan/clpdev/build/deps/cpp/LibLZMA-shared-extracted.tar.gz" is up to date
task: Task "deps:utils:yscope-dev-utils:cmake:remote:curl-/home/nathan/clpdev/build/deps/cpp/date-extracted.tar.gz" is up to date
task: Task "deps:utils:yscope-dev-utils:cmake:remote:curl-/home/nathan/clpdev/build/deps/cpp/yaml-cpp-extracted.tar.gz" is up to date
task: Task "deps:utils:yscope-dev-utils:cmake:remote:curl-/home/nathan/clpdev/build/deps/cpp/simdjson-extracted.tar.gz" is up to date
task: Task "deps:utils:yscope-dev-utils:cmake:remote:download-and-extract-tar-/home/nathan/clpdev/build/deps/cpp/Microsoft.GSL-extracted" is up to date
task: Task "deps:yscope-dev-utils:remote:download-and-extract-tar-/home/nathan/clpdev/build/deps/cpp/antlr4-runtime-src" is up to date
task: [deps:utils:yscope-dev-utils:cmake:generate:/home/nathan/clpdev/build/deps/cpp/Microsoft.GSL-extracted/.-/home/nathan/clpdev/build/deps/cpp/Microsoft.GSL-build-[-DCMAKE_BUILD_TYPE=Release -DCMAKE_INSTALL_MESSAGE=LAZY -DGSL_TEST=OFF]] cmake -S "/home/nathan/clpdev/build/deps/cpp/Microsoft.GSL-extracted/." -B "/home/nathan/clpdev/build/deps/cpp/Microsoft.GSL-build" -DCMAKE_BUILD_TYPE=Release -DCMAKE_INSTALL_MESSAGE=LAZY -DGSL_TEST=OFF
task: Task "deps:utils:yscope-dev-utils:cmake:remote:download-and-extract-tar-/home/nathan/clpdev/build/deps/cpp/mongocxx-extracted" is up to date
task: Task "deps:utils:yscope-dev-utils:cmake:remote:download-and-extract-tar-/home/nathan/clpdev/build/deps/cpp/absl-extracted" is up to date
task: Task "deps:utils:yscope-dev-utils:cmake:remote:download-and-extract-tar-/home/nathan/clpdev/build/deps/cpp/Catch2-extracted" is up to date
task: Task "deps:utils:yscope-dev-utils:cmake:remote:download-and-extract-tar-/home/nathan/clpdev/build/deps/cpp/fmt-extracted" is up to date
task: Task "deps:utils:yscope-dev-utils:cmake:remote:download-and-extract-tar-/home/nathan/clpdev/build/deps/cpp/LibLZMA-static-extracted" is up to date
task: [deps:yscope-dev-utils:cmake:generate:/home/nathan/clpdev/build/deps/cpp/antlr4-runtime-src-/home/nathan/clpdev/build/deps/cpp/antlr4-runtime-build-[-DANTLR4_INSTALL=ON -DCMAKE_BUILD_TYPE=Release -DCMAKE_INSTALL_MESSAGE=LAZY -DCMAKE_POLICY_DEFAULT_CMP0135=NEW]] cmake -S "/home/nathan/clpdev/build/deps/cpp/antlr4-runtime-src" -B "/home/nathan/clpdev/build/deps/cpp/antlr4-runtime-build" -DANTLR4_INSTALL=ON -DCMAKE_BUILD_TYPE=Release -DCMAKE_INSTALL_MESSAGE=LAZY -DCMAKE_POLICY_DEFAULT_CMP0135=NEW
task: [deps:utils:yscope-dev-utils:cmake:generate:/home/nathan/clpdev/build/deps/cpp/mongocxx-extracted/.-/home/nathan/clpdev/build/deps/cpp/mongocxx-build-[-DBUILD_SHARED_AND_STATIC_LIBS=ON -DBUILD_SHARED_LIBS_WITH_STATIC_MONGOC=ON -DCMAKE_BUILD_TYPE=Release -DCMAKE_INSTALL_MESSAGE=LAZY -DENABLE_SNAPPY=OFF -DENABLE_UNINSTALL=OFF]] cmake -S "/home/nathan/clpdev/build/deps/cpp/mongocxx-extracted/." -B "/home/nathan/clpdev/build/deps/cpp/mongocxx-build" -DBUILD_SHARED_AND_STATIC_LIBS=ON -DBUILD_SHARED_LIBS_WITH_STATIC_MONGOC=ON -DCMAKE_BUILD_TYPE=Release -DCMAKE_INSTALL_MESSAGE=LAZY -DENABLE_SNAPPY=OFF -DENABLE_UNINSTALL=OFF
task: Task "deps:utils:yscope-dev-utils:cmake:remote:download-and-extract-tar-/home/nathan/clpdev/build/deps/cpp/xxHash-extracted" is up to date
task: [deps:utils:yscope-dev-utils:cmake:generate:/home/nathan/clpdev/build/deps/cpp/LibLZMA-static-extracted/.-/home/nathan/clpdev/build/deps/cpp/LibLZMA-static-build-[-DBUILD_SHARED_LIBS=OFF -DBUILD_TESTING=OFF -DCMAKE_BUILD_TYPE=Release -DCMAKE_INSTALL_MESSAGE=LAZY -DXZ_DOC=OFF -DXZ_TOOL_LZMADEC=OFF -DXZ_TOOL_LZMAINFO=OFF -DXZ_TOOL_SCRIPTS=OFF -DXZ_TOOL_SYMLINKS_LZMA=OFF -DXZ_TOOL_XZ=OFF -DXZ_TOOL_XZDEC=OFF]] cmake -S "/home/nathan/clpdev/build/deps/cpp/LibLZMA-static-extracted/." -B "/home/nathan/clpdev/build/deps/cpp/LibLZMA-static-build" -DBUILD_SHARED_LIBS=OFF -DBUILD_TESTING=OFF -DCMAKE_BUILD_TYPE=Release -DCMAKE_INSTALL_MESSAGE=LAZY -DXZ_DOC=OFF -DXZ_TOOL_LZMADEC=OFF -DXZ_TOOL_LZMAINFO=OFF -DXZ_TOOL_SCRIPTS=OFF -DXZ_TOOL_SYMLINKS_LZMA=OFF -DXZ_TOOL_XZ=OFF -DXZ_TOOL_XZDEC=OFF
task: [deps:utils:yscope-dev-utils:cmake:generate:/home/nathan/clpdev/build/deps/cpp/fmt-extracted/.-/home/nathan/clpdev/build/deps/cpp/fmt-build-[-DCMAKE_BUILD_TYPE=Release -DCMAKE_INSTALL_MESSAGE=LAZY -DFMT_DOC=OFF -DFMT_TEST=OFF]] cmake -S "/home/nathan/clpdev/build/deps/cpp/fmt-extracted/." -B "/home/nathan/clpdev/build/deps/cpp/fmt-build" -DCMAKE_BUILD_TYPE=Release -DCMAKE_INSTALL_MESSAGE=LAZY -DFMT_DOC=OFF -DFMT_TEST=OFF
task: [deps:utils:yscope-dev-utils:cmake:generate:/home/nathan/clpdev/build/deps/cpp/Catch2-extracted/.-/home/nathan/clpdev/build/deps/cpp/Catch2-build-[-DBUILD_TESTING=OFF -DCMAKE_BUILD_TYPE=Release -DCMAKE_CXX_STANDARD=20 -DCMAKE_CXX_STANDARD_REQUIRED=ON -DCMAKE_INSTALL_MESSAGE=LAZY]] cmake -S "/home/nathan/clpdev/build/deps/cpp/Catch2-extracted/." -B "/home/nathan/clpdev/build/deps/cpp/Catch2-build" -DBUILD_TESTING=OFF -DCMAKE_BUILD_TYPE=Release -DCMAKE_CXX_STANDARD=20 -DCMAKE_CXX_STANDARD_REQUIRED=ON -DCMAKE_INSTALL_MESSAGE=LAZY
task: Task "deps:utils:yscope-dev-utils:cmake:remote:download-and-extract-tar-/home/nathan/clpdev/build/deps/cpp/nlohmann_json-extracted" is up to date
task: [deps:utils:yscope-dev-utils:cmake:generate:/home/nathan/clpdev/build/deps/cpp/absl-extracted/.-/home/nathan/clpdev/build/deps/cpp/absl-build-[-DCMAKE_BUILD_TYPE=Release -DCMAKE_CXX_STANDARD=20 -DCMAKE_INSTALL_MESSAGE=LAZY]] cmake -S "/home/nathan/clpdev/build/deps/cpp/absl-extracted/." -B "/home/nathan/clpdev/build/deps/cpp/absl-build" -DCMAKE_BUILD_TYPE=Release -DCMAKE_CXX_STANDARD=20 -DCMAKE_INSTALL_MESSAGE=LAZY
task: [deps:utils:yscope-dev-utils:cmake:generate:/home/nathan/clpdev/build/deps/cpp/xxHash-extracted/cmake_unofficial-/home/nathan/clpdev/build/deps/cpp/xxHash-build-[-DXXHASH_BUILD_XXHSUM=OFF -DBUILD_SHARED_LIBS=OFF -DCMAKE_INSTALL_PREFIX=/home/nathan/clpdev/build/deps/cpp/xxHash-install]] cmake -S "/home/nathan/clpdev/build/deps/cpp/xxHash-extracted/cmake_unofficial" -B "/home/nathan/clpdev/build/deps/cpp/xxHash-build" -DXXHASH_BUILD_XXHSUM=OFF -DBUILD_SHARED_LIBS=OFF -DCMAKE_INSTALL_PREFIX=/home/nathan/clpdev/build/deps/cpp/xxHash-install
-- Configuring done (0.0s)
-- Generating done (0.0s)
-- Build files have been written to: /home/nathan/clpdev/build/deps/cpp/Microsoft.GSL-build
task: Task "deps:utils:yscope-dev-utils:cmake:remote:download-and-extract-tar-/home/nathan/clpdev/build/deps/cpp/zstd-extracted" is up to date
task: [deps:utils:yscope-dev-utils:cmake:build:/home/nathan/clpdev/build/deps/cpp/Microsoft.GSL-build-[]-[]] cmake --build "/home/nathan/clpdev/build/deps/cpp/Microsoft.GSL-build" --parallel "8"
-- CMake version: 3.31.10
-- {fmt} version: 11.2.0
-- Build type: Release
-- Configuring done (0.0s)
-- Generating done (0.0s)
-- Build files have been written to: /home/nathan/clpdev/build/deps/cpp/fmt-build
-- Could NOT find Gettext (missing: GETTEXT_MSGMERGE_EXECUTABLE GETTEXT_MSGFMT_EXECUTABLE) 
task: [deps:utils:yscope-dev-utils:cmake:generate:/home/nathan/clpdev/build/deps/cpp/nlohmann_json-extracted/.-/home/nathan/clpdev/build/deps/cpp/nlohmann_json-build-[-DCMAKE_BUILD_TYPE=Release -DCMAKE_INSTALL_MESSAGE=LAZY -DJSON_BuildTests=OFF]] cmake -S "/home/nathan/clpdev/build/deps/cpp/nlohmann_json-extracted/." -B "/home/nathan/clpdev/build/deps/cpp/nlohmann_json-build" -DCMAKE_BUILD_TYPE=Release -DCMAKE_INSTALL_MESSAGE=LAZY -DJSON_BuildTests=OFF
-- Configuring done (0.0s)
-- Building without demo. To enable demo build use: -DWITH_DEMO=True
-- Generating done (0.0s)
-- Build files have been written to: /home/nathan/clpdev/build/deps/cpp/LibLZMA-static-build
-- find_package(bson 2.0.0) did not succeed
-- find_package(mongoc 2.0.0) did not succeed
-- Required MongoDB C Driver libraries not found via find_package()
-- MongoDB C Driver library sources will be downloaded from GitHub
-- Downloading and configuring MongoDB C Driver 2.0.0...
-- Configuring done (0.0s)
task: Task "deps:utils:yscope-dev-utils:cmake:remote:download-and-extract-tar-/home/nathan/clpdev/build/deps/cpp/LibLZMA-shared-extracted" is up to date
task: [deps:utils:yscope-dev-utils:cmake:generate:/home/nathan/clpdev/build/deps/cpp/zstd-extracted/build/cmake-/home/nathan/clpdev/build/deps/cpp/zstd-build-[-DCMAKE_BUILD_TYPE=Release -DCMAKE_INSTALL_MESSAGE=LAZY -DZSTD_BUILD_CONTRIB=OFF -DZSTD_BUILD_PROGRAMS=OFF -DZSTD_BUILD_SHARED=OFF -DZSTD_BUILD_STATIC=ON -DZSTD_BUILD_TESTS=OFF]] cmake -S "/home/nathan/clpdev/build/deps/cpp/zstd-extracted/build/cmake" -B "/home/nathan/clpdev/build/deps/cpp/zstd-build" -DCMAKE_BUILD_TYPE=Release -DCMAKE_INSTALL_MESSAGE=LAZY -DZSTD_BUILD_CONTRIB=OFF -DZSTD_BUILD_PROGRAMS=OFF -DZSTD_BUILD_SHARED=OFF -DZSTD_BUILD_STATIC=ON -DZSTD_BUILD_TESTS=OFF
task: Task "deps:utils:yscope-dev-utils:cmake:remote:download-and-extract-tar-/home/nathan/clpdev/build/deps/cpp/date-extracted" is up to date
-- Using bundled libbson
task: [deps:utils:yscope-dev-utils:cmake:remote:download-and-extract-tar-/home/nathan/clpdev/build/deps/cpp/zlib-extracted] rm -rf "/home/nathan/clpdev/build/deps/cpp/zlib-extracted"
mkdir -p  "/home/nathan/clpdev/build/deps/cpp/zlib-extracted"
-- Generating done (0.0s)
-- Build files have been written to: /home/nathan/clpdev/build/deps/cpp/Catch2-build
CMake Deprecation Warning at /home/nathan/clpdev/build/deps/cpp/antlr4-runtime-build/_deps/googletest-src/CMakeLists.txt:4 (cmake_minimum_required):
  Compatibility with CMake < 3.10 will be removed from a future version of
  CMake.

  Update the VERSION argument <min> value.  Or, use the <min>...<max> syntax
  to tell CMake that the project requires at least <min> but has been updated
  to work with policies introduced by <max> or earlier.

task: [deps:utils:yscope-dev-utils:cmake:build:/home/nathan/clpdev/build/deps/cpp/LibLZMA-static-build-[]-[]] cmake --build "/home/nathan/clpdev/build/deps/cpp/LibLZMA-static-build" --parallel "8"

CMake Deprecation Warning at /home/nathan/clpdev/build/deps/cpp/antlr4-runtime-build/_deps/googletest-src/googlemock/CMakeLists.txt:45 (cmake_minimum_required):
  Compatibility with CMake < 3.10 will be removed from a future version of
  CMake.

  Update the VERSION argument <min> value.  Or, use the <min>...<max> syntax
  to tell CMake that the project requires at least <min> but has been updated
  to work with policies introduced by <max> or earlier.


CMake Deprecation Warning at /home/nathan/clpdev/build/deps/cpp/antlr4-runtime-build/_deps/googletest-src/googletest/CMakeLists.txt:56 (cmake_minimum_required):
  Compatibility with CMake < 3.10 will be removed from a future version of
  CMake.

  Update the VERSION argument <min> value.  Or, use the <min>...<max> syntax
  to tell CMake that the project requires at least <min> but has been updated
  to work with policies introduced by <max> or earlier.


task: [deps:utils:yscope-dev-utils:cmake:generate:/home/nathan/clpdev/build/deps/cpp/LibLZMA-shared-extracted/.-/home/nathan/clpdev/build/deps/cpp/LibLZMA-shared-build-[-DBUILD_SHARED_LIBS=ON -DBUILD_TESTING=OFF -DCMAKE_BUILD_TYPE=Release -DCMAKE_INSTALL_MESSAGE=LAZY -DXZ_DOC=OFF -DXZ_TOOL_LZMADEC=OFF -DXZ_TOOL_LZMAINFO=OFF -DXZ_TOOL_SCRIPTS=OFF -DXZ_TOOL_SYMLINKS_LZMA=OFF -DXZ_TOOL_XZ=OFF -DXZ_TOOL_XZDEC=OFF]] cmake -S "/home/nathan/clpdev/build/deps/cpp/LibLZMA-shared-extracted/." -B "/home/nathan/clpdev/build/deps/cpp/LibLZMA-shared-build" -DBUILD_SHARED_LIBS=ON -DBUILD_TESTING=OFF -DCMAKE_BUILD_TYPE=Release -DCMAKE_INSTALL_MESSAGE=LAZY -DXZ_DOC=OFF -DXZ_TOOL_LZMADEC=OFF -DXZ_TOOL_LZMAINFO=OFF -DXZ_TOOL_SCRIPTS=OFF -DXZ_TOOL_SYMLINKS_LZMA=OFF -DXZ_TOOL_XZ=OFF -DXZ_TOOL_XZDEC=OFF
-- libmongoc version (from VERSION_CURRENT file): 2.0.0
-- Enabling zlib compression (bundled)
-- Searching for compression library zstd
--   Found zstd version 1.5.7 in /usr/local/include
-- libmongoc TLS : OpenSSL
task: [deps:utils:yscope-dev-utils:cmake:build:/home/nathan/clpdev/build/deps/cpp/fmt-build-[]-[]] cmake --build "/home/nathan/clpdev/build/deps/cpp/fmt-build" --parallel "8"
task: [deps:utils:yscope-dev-utils:cmake:build:/home/nathan/clpdev/build/deps/cpp/Catch2-build-[]-[]] cmake --build "/home/nathan/clpdev/build/deps/cpp/Catch2-build" --parallel "8"
task: Task "deps:utils:yscope-dev-utils:cmake:remote:download-and-extract-tar-/home/nathan/clpdev/build/deps/cpp/lz4-extracted" is up to date
-- xxHash build type: Release
-- Architecture: aarch64
-- Could NOT find SASL2 (missing: SASL2_VERSION SASL2_INCLUDE_DIR SASL2_LIBRARY) (Required is at least version "2.0")
-- Using SASL backend : NOTFOUND
task: [deps:utils:yscope-dev-utils:cmake:generate:/home/nathan/clpdev/build/deps/cpp/date-extracted/.-/home/nathan/clpdev/build/deps/cpp/date-build-[-DCMAKE_BUILD_TYPE=Release -DCMAKE_INSTALL_MESSAGE=LAZY]] cmake -S "/home/nathan/clpdev/build/deps/cpp/date-extracted/." -B "/home/nathan/clpdev/build/deps/cpp/date-build" -DCMAKE_BUILD_TYPE=Release -DCMAKE_INSTALL_MESSAGE=LAZY
-- Configuring done (0.1s)
-- Using the multi-header code from /home/nathan/clpdev/build/deps/cpp/nlohmann_json-extracted/include/
-- Configuring done (0.0s)
-- Generating done (0.0s)
-- Build files have been written to: /home/nathan/clpdev/build/deps/cpp/xxHash-build
-- Generating done (0.0s)
-- Build files have been written to: /home/nathan/clpdev/build/deps/cpp/nlohmann_json-build
task: [deps:utils:yscope-dev-utils:cmake:remote:download-and-extract-tar-/home/nathan/clpdev/build/deps/cpp/zlib-extracted] tar --extract --strip-components="1" --directory "/home/nathan/clpdev/build/deps/cpp/zlib-extracted" --file "/home/nathan/clpdev/build/deps/cpp/zlib-extracted.tar.gz" --no-anchored --wildcards 2> /dev/null
-- ZSTD VERSION: 1.5.7
task: [deps:utils:yscope-dev-utils:cmake:install:/home/nathan/clpdev/build/deps/cpp/Microsoft.GSL-build-/home/nathan/clpdev/build/deps/cpp/Microsoft.GSL-install-[]] cmake --install "/home/nathan/clpdev/build/deps/cpp/Microsoft.GSL-build" --prefix "/home/nathan/clpdev/build/deps/cpp/Microsoft.GSL-install"
-- CMAKE_INSTALL_PREFIX: /usr/local
-- CMAKE_INSTALL_LIBDIR: lib
-- ZSTD_LEGACY_SUPPORT defined!
-- ZSTD_MULTITHREAD_SUPPORT is enabled
task: [deps:utils:yscope-dev-utils:cmake:build:/home/nathan/clpdev/build/deps/cpp/nlohmann_json-build-[]-[]] cmake --build "/home/nathan/clpdev/build/deps/cpp/nlohmann_json-build" --parallel "8"
-- Configuring done (0.0s)
-- Configuring done (0.1s)
-- Detected parameters: accept (int, struct sockaddr *, socklen_t *)
-- Searching for libmongocrypt
task: Task "deps:utils:yscope-dev-utils:cmake:remote:download-and-extract-tar-/home/nathan/clpdev/build/deps/cpp/yaml-cpp-extracted" is up to date
-- libmongocrypt not found. Configuring without In-Use Encryption support.
-- SASL disabled
-- Enabling utf8proc (bundled)
task: [deps:utils:yscope-dev-utils:cmake:build:/home/nathan/clpdev/build/deps/cpp/xxHash-build-[]-[]] cmake --build "/home/nathan/clpdev/build/deps/cpp/xxHash-build" --parallel "8"
-- Adding -fPIC to compilation of mongoc_static components
-- Generating done (0.0s)
-- Build files have been written to: /home/nathan/clpdev/build/deps/cpp/zstd-build
[100%] Built target fmt
-- Building with MONGODB-AWS auth support
-- Build files generated for:
-- 	build system: Unix Makefiles
-- The following features have been enabled:

 * TLS, for secure network communication (OpenSSL)
 * Cryptography, cryptographic primitives (OpenSSL)
 * AWS Authentication, authenticate with MongoDB servers using credentials from AWS instance metadata

-- The following features have been disabled:

 * SASL Authentication, authenticate with MongoDB servers using SASL: “Simple Authentication and Security Layer” (NOTFOUND)

-- Downloading and configuring MongoDB C Driver 2.0.0... done.
task: Task "deps:utils:yscope-dev-utils:cmake:remote:download-and-extract-tar-/home/nathan/clpdev/build/deps/cpp/simdjson-extracted" is up to date
-- bsoncxx version: 4.1.1
-- Auto-configuring bsoncxx to use its own polyfill implementations since C++17 is inactive
-- Using bson targets imported via add_subdirectory() without version checks
task: [deps:utils:yscope-dev-utils:cmake:generate:/home/nathan/clpdev/build/deps/cpp/lz4-extracted/build/cmake-/home/nathan/clpdev/build/deps/cpp/lz4-build-[-DBUILD_SHARED_LIBS=ON -DBUILD_STATIC_LIBS=ON -DCMAKE_BUILD_TYPE=Release -DCMAKE_INSTALL_MESSAGE=LAZY -DLZ4_BUILD_CLI=OFF]] cmake -S "/home/nathan/clpdev/build/deps/cpp/lz4-extracted/build/cmake" -B "/home/nathan/clpdev/build/deps/cpp/lz4-build" -DBUILD_SHARED_LIBS=ON -DBUILD_STATIC_LIBS=ON -DCMAKE_BUILD_TYPE=Release -DCMAKE_INSTALL_MESSAGE=LAZY -DLZ4_BUILD_CLI=OFF
CMake Deprecation Warning at CMakeLists.txt:18 (cmake_minimum_required):
  Compatibility with CMake < 3.10 will be removed from a future version of
  CMake.

  Update the VERSION argument <min> value.  Or, use the <min>...<max> syntax
  to tell CMake that the project requires at least <min> but has been updated
  to work with policies introduced by <max> or earlier.


-- Configuring done (0.0s)
-- Generating done (0.0s)
-- Build files have been written to: /home/nathan/clpdev/build/deps/cpp/date-build
-- mongocxx version: 4.1.1
-- Using mongoc targets imported via add_subdirectory() without version checks
-- Configuring done (0.2s)
task: [deps:utils:yscope-dev-utils:cmake:build:/home/nathan/clpdev/build/deps/cpp/zstd-build-[]-[]] cmake --build "/home/nathan/clpdev/build/deps/cpp/zstd-build" --parallel "8"
task: [deps:utils:yscope-dev-utils:cmake:generate:/home/nathan/clpdev/build/deps/cpp/yaml-cpp-extracted/.-/home/nathan/clpdev/build/deps/cpp/yaml-cpp-build-[-DBUILD_TESTING=OFF -DCMAKE_BUILD_TYPE=Release -DCMAKE_INSTALL_MESSAGE=LAZY]] cmake -S "/home/nathan/clpdev/build/deps/cpp/yaml-cpp-extracted/." -B "/home/nathan/clpdev/build/deps/cpp/yaml-cpp-build" -DBUILD_TESTING=OFF -DCMAKE_BUILD_TYPE=Release -DCMAKE_INSTALL_MESSAGE=LAZY
-- Install configuration: "Release"
-- Could NOT find Gettext (missing: GETTEXT_MSGMERGE_EXECUTABLE GETTEXT_MSGFMT_EXECUTABLE) 
task: [deps:utils:yscope-dev-utils:cmake:install:/home/nathan/clpdev/build/deps/cpp/Microsoft.GSL-build-/home/nathan/clpdev/build/deps/cpp/Microsoft.GSL-install-[]] 
  echo "set(Microsoft.GSL_ROOT
    \"/home/nathan/clpdev/build/deps/cpp/Microsoft.GSL-install\"
    CACHE PATH
    \"Package root for Microsoft.GSL.\"
  )" >> "/home/nathan/clpdev/build/deps/cpp/cmake-settings/Microsoft.GSL.cmake"
-- Configuring done (0.0s)
task: [deps:utils:yscope-dev-utils:cmake:build:/home/nathan/clpdev/build/deps/cpp/date-build-[]-[]] cmake --build "/home/nathan/clpdev/build/deps/cpp/date-build" --parallel "8"
task: [deps:utils:yscope-dev-utils:cmake:generate:/home/nathan/clpdev/build/deps/cpp/simdjson-extracted/.-/home/nathan/clpdev/build/deps/cpp/simdjson-build-[-DCMAKE_BUILD_TYPE=Release -DCMAKE_INSTALL_MESSAGE=LAZY]] cmake -S "/home/nathan/clpdev/build/deps/cpp/simdjson-extracted/." -B "/home/nathan/clpdev/build/deps/cpp/simdjson-build" -DCMAKE_BUILD_TYPE=Release -DCMAKE_INSTALL_MESSAGE=LAZY
-- Build files generated for:
-- 	build system: Unix Makefiles
[  0%] Built target libgnu
-- Configuring done (0.3s)
-- Generating done (0.1s)
-- Build files have been written to: /home/nathan/clpdev/build/deps/cpp/antlr4-runtime-build
[100%] Built target xxhash
-- Generating done (0.0s)
-- Build files have been written to: /home/nathan/clpdev/build/deps/cpp/LibLZMA-shared-build
task: [deps:utils:yscope-dev-utils:cmake:install:/home/nathan/clpdev/build/deps/cpp/xxHash-build-/home/nathan/clpdev/build/deps/cpp/xxHash-install-[]] cmake --install "/home/nathan/clpdev/build/deps/cpp/xxHash-build" --prefix "/home/nathan/clpdev/build/deps/cpp/xxHash-install"
CMake Deprecation Warning at CMakeLists.txt:11 (cmake_minimum_required):
  Compatibility with CMake < 3.10 will be removed from a future version of
  CMake.

  Update the VERSION argument <min> value.  Or, use the <min>...<max> syntax
  to tell CMake that the project requires at least <min> but has been updated
  to work with policies introduced by <max> or earlier.


task: [deps:utils:yscope-dev-utils:cmake:install:/home/nathan/clpdev/build/deps/cpp/fmt-build-/home/nathan/clpdev/build/deps/cpp/fmt-install-[]] cmake --install "/home/nathan/clpdev/build/deps/cpp/fmt-build" --prefix "/home/nathan/clpdev/build/deps/cpp/fmt-install"
-- Creating build script for LZ4 version: 1.10.0
[100%] Built target liblzma
-- Configuring done (0.0s)
CMake Deprecation Warning at CMakeLists.txt:2 (cmake_minimum_required):
  Compatibility with CMake < 3.10 will be removed from a future version of
  CMake.

  Update the VERSION argument <min> value.  Or, use the <min>...<max> syntax
  to tell CMake that the project requires at least <min> but has been updated
  to work with policies introduced by <max> or earlier.


-- Generating done (0.0s)
-- Build files have been written to: /home/nathan/clpdev/build/deps/cpp/lz4-build
task: [deps:yscope-dev-utils:cmake:build:/home/nathan/clpdev/build/deps/cpp/antlr4-runtime-build-[]-[]] cmake --build "/home/nathan/clpdev/build/deps/cpp/antlr4-runtime-build" --parallel "8"
-- Configuring done (0.0s)
[ 98%] Built target Catch2
-- Generating done (0.3s)
-- Build files have been written to: /home/nathan/clpdev/build/deps/cpp/absl-build
-- Generating done (0.0s)
-- Build files have been written to: /home/nathan/clpdev/build/deps/cpp/yaml-cpp-build
-- Adding -Og to compile flag
[100%] Built target Catch2WithMain
-- Building only the library. Advanced users and contributors may want to turn SIMDJSON_DEVELOPER_MODE to ON, e.g., via -D SIMDJSON_DEVELOPER_MODE=ON.
-- Configuring done (0.0s)
task: [deps:utils:yscope-dev-utils:cmake:build:/home/nathan/clpdev/build/deps/cpp/LibLZMA-shared-build-[]-[]] cmake --build "/home/nathan/clpdev/build/deps/cpp/LibLZMA-shared-build" --parallel "8"
-- Generating done (0.0s)
-- Build files have been written to: /home/nathan/clpdev/build/deps/cpp/simdjson-build
[100%] Built target libzstd_static
task: [deps:utils:yscope-dev-utils:cmake:build:/home/nathan/clpdev/build/deps/cpp/absl-build-[]-[]] cmake --build "/home/nathan/clpdev/build/deps/cpp/absl-build" --parallel "8"
-- Install configuration: "Release"
-- Up-to-date: /home/nathan/clpdev/build/deps/cpp/xxHash-install/lib/libxxhash.a
-- Up-to-date: /home/nathan/clpdev/build/deps/cpp/xxHash-install/include/xxhash.h
-- Up-to-date: /home/nathan/clpdev/build/deps/cpp/xxHash-install/include/xxh3.h
-- Up-to-date: /home/nathan/clpdev/build/deps/cpp/xxHash-install/lib/cmake/xxHash/xxHashConfig.cmake
-- Up-to-date: /home/nathan/clpdev/build/deps/cpp/xxHash-install/lib/cmake/xxHash/xxHashConfigVersion.cmake
-- Up-to-date: /home/nathan/clpdev/build/deps/cpp/xxHash-install/lib/cmake/xxHash/xxHashTargets.cmake
-- Up-to-date: /home/nathan/clpdev/build/deps/cpp/xxHash-install/lib/cmake/xxHash/xxHashTargets-release.cmake
-- Up-to-date: /home/nathan/clpdev/build/deps/cpp/xxHash-install/lib/pkgconfig/libxxhash.pc
task: [deps:utils:yscope-dev-utils:cmake:install:/home/nathan/clpdev/build/deps/cpp/xxHash-build-/home/nathan/clpdev/build/deps/cpp/xxHash-install-[]] 
  echo "set(xxHash_ROOT
    \"/home/nathan/clpdev/build/deps/cpp/xxHash-install\"
    CACHE PATH
    \"Package root for xxHash.\"
  )" >> "/home/nathan/clpdev/build/deps/cpp/cmake-settings/xxHash.cmake"
task: [deps:utils:yscope-dev-utils:cmake:build:/home/nathan/clpdev/build/deps/cpp/yaml-cpp-build-[]-[]] cmake --build "/home/nathan/clpdev/build/deps/cpp/yaml-cpp-build" --parallel "8"
task: [deps:utils:yscope-dev-utils:cmake:install:/home/nathan/clpdev/build/deps/cpp/zstd-build-/home/nathan/clpdev/build/deps/cpp/zstd-install-[]] cmake --install "/home/nathan/clpdev/build/deps/cpp/zstd-build" --prefix "/home/nathan/clpdev/build/deps/cpp/zstd-install"
-- Install configuration: "Release"
task: [deps:utils:yscope-dev-utils:cmake:install:/home/nathan/clpdev/build/deps/cpp/fmt-build-/home/nathan/clpdev/build/deps/cpp/fmt-install-[]] 
  echo "set(fmt_ROOT
    \"/home/nathan/clpdev/build/deps/cpp/fmt-install\"
    CACHE PATH
    \"Package root for fmt.\"
  )" >> "/home/nathan/clpdev/build/deps/cpp/cmake-settings/fmt.cmake"
task: [deps:utils:yscope-dev-utils:cmake:install:/home/nathan/clpdev/build/deps/cpp/date-build-/home/nathan/clpdev/build/deps/cpp/date-install-[]] cmake --install "/home/nathan/clpdev/build/deps/cpp/date-build" --prefix "/home/nathan/clpdev/build/deps/cpp/date-install"
task: [deps:utils:yscope-dev-utils:cmake:build:/home/nathan/clpdev/build/deps/cpp/simdjson-build-[]-[]] cmake --build "/home/nathan/clpdev/build/deps/cpp/simdjson-build" --parallel "8"
task: [deps:utils:yscope-dev-utils:cmake:install:/home/nathan/clpdev/build/deps/cpp/LibLZMA-static-build-/home/nathan/clpdev/build/deps/cpp/LibLZMA-static-install-[]] cmake --install "/home/nathan/clpdev/build/deps/cpp/LibLZMA-static-build" --prefix "/home/nathan/clpdev/build/deps/cpp/LibLZMA-static-install"
task: [deps:utils:yscope-dev-utils:cmake:generate:/home/nathan/clpdev/build/deps/cpp/zlib-extracted/.-/home/nathan/clpdev/build/deps/cpp/zlib-build-[-DBUILD_SHARED_LIBS=ON -DCMAKE_BUILD_TYPE=Release -DCMAKE_INSTALL_MESSAGE=LAZY -DCMAKE_INSTALL_PREFIX=/home/nathan/clpdev/build/deps/cpp/zlib-install -DZLIB_BUILD_EXAMPLES=OFF]] cmake -S "/home/nathan/clpdev/build/deps/cpp/zlib-extracted/." -B "/home/nathan/clpdev/build/deps/cpp/zlib-build" -DBUILD_SHARED_LIBS=ON -DCMAKE_BUILD_TYPE=Release -DCMAKE_INSTALL_MESSAGE=LAZY -DCMAKE_INSTALL_PREFIX=/home/nathan/clpdev/build/deps/cpp/zlib-install -DZLIB_BUILD_EXAMPLES=OFF
task: [deps:utils:yscope-dev-utils:cmake:install:/home/nathan/clpdev/build/deps/cpp/Catch2-build-/home/nathan/clpdev/build/deps/cpp/Catch2-install-[]] cmake --install "/home/nathan/clpdev/build/deps/cpp/Catch2-build" --prefix "/home/nathan/clpdev/build/deps/cpp/Catch2-install"
task: [deps:utils:yscope-dev-utils:cmake:install:/home/nathan/clpdev/build/deps/cpp/nlohmann_json-build-/home/nathan/clpdev/build/deps/cpp/nlohmann_json-install-[]] cmake --install "/home/nathan/clpdev/build/deps/cpp/nlohmann_json-build" --prefix "/home/nathan/clpdev/build/deps/cpp/nlohmann_json-install"
-- Install configuration: "Release"
task: [deps:utils:yscope-dev-utils:cmake:build:/home/nathan/clpdev/build/deps/cpp/lz4-build-[]-[]] cmake --build "/home/nathan/clpdev/build/deps/cpp/lz4-build" --parallel "8"
task: [deps:utils:yscope-dev-utils:cmake:install:/home/nathan/clpdev/build/deps/cpp/date-build-/home/nathan/clpdev/build/deps/cpp/date-install-[]] 
  echo "set(date_ROOT
    \"/home/nathan/clpdev/build/deps/cpp/date-install\"
    CACHE PATH
    \"Package root for date.\"
  )" >> "/home/nathan/clpdev/build/deps/cpp/cmake-settings/date.cmake"
[  1%] Built target log_severity
[  1%] Built target spinlock_wait
[  1%] Built target gtest
[  0%] Built target libgnu
[  2%] Built target strerror
[  3%] Built target utf8_for_code_point
[  7%] Built target time_zone
[  8%] Built target exponential_biased
[  9%] Built target civil_time
[  9%] Built target log_internal_nullguard
[ 10%] Built target leak_check
[ 10%] Built target flags_commandlineflag_internal
[  2%] Built target gtest_main
[ 11%] Built target random_internal_platform
[  2%] Built target gmock
-- Install configuration: "Release"
-- Installing: /home/nathan/clpdev/build/deps/cpp/LibLZMA-static-install/lib/cmake/liblzma/liblzma-config.cmake
[  3%] Built target gmock_main
[ 12%] Built target periodic_sampler
[ 13%] Built target raw_logging_internal
[ 14%] Built target random_internal_randen_slow
[ 15%] Built target random_internal_randen_hwaes_impl
task: [deps:utils:yscope-dev-utils:cmake:install:/home/nathan/clpdev/build/deps/cpp/LibLZMA-static-build-/home/nathan/clpdev/build/deps/cpp/LibLZMA-static-install-[]] 
  echo "set(LibLZMA-static_ROOT
    \"/home/nathan/clpdev/build/deps/cpp/LibLZMA-static-install\"
    CACHE PATH
    \"Package root for LibLZMA-static.\"
  )" >> "/home/nathan/clpdev/build/deps/cpp/cmake-settings/LibLZMA-static.cmake"
-- Install configuration: "Release"
task: [deps:utils:yscope-dev-utils:cmake:install:/home/nathan/clpdev/build/deps/cpp/zstd-build-/home/nathan/clpdev/build/deps/cpp/zstd-install-[]] 
  echo "set(zstd_ROOT
    \"/home/nathan/clpdev/build/deps/cpp/zstd-install\"
    CACHE PATH
    \"Package root for zstd.\"
  )" >> "/home/nathan/clpdev/build/deps/cpp/cmake-settings/zstd.cmake"
[ 15%] Built target throw_delegate
[ 16%] Built target cordz_functions
[ 17%] Built target random_seed_gen_exception
[ 19%] Built target base
[ 20%] Built target scoped_set_env
[ 21%] Built target random_internal_randen_hwaes
-- Renaming
--     /home/nathan/clpdev/build/deps/cpp/zlib-extracted/zconf.h
-- to 'zconf.h.included' because this file is included with zlib
-- but CMake generates it automatically in the build directory.
[100%] Built target liblzma
-- Configuring done (0.0s)
[ 23%] Built target debugging_internal
-- Generating done (0.0s)
-- Build files have been written to: /home/nathan/clpdev/build/deps/cpp/zlib-build
[ 24%] Built target strings_internal
[ 24%] Built target malloc_internal
[ 24%] Built target string_view
[ 25%] Built target int128
[ 26%] Built target tracing_internal
[ 27%] Built target crc_cpu_detect
[ 28%] Built target city
[ 29%] Built target decode_rust_punycode
-- Install configuration: "Release"
[ 84%] Built target yaml-cpp
task: [deps:utils:yscope-dev-utils:cmake:install:/home/nathan/clpdev/build/deps/cpp/Catch2-build-/home/nathan/clpdev/build/deps/cpp/Catch2-install-[]] 
  echo "set(Catch2_ROOT
    \"/home/nathan/clpdev/build/deps/cpp/Catch2-install\"
    CACHE PATH
    \"Package root for Catch2.\"
  )" >> "/home/nathan/clpdev/build/deps/cpp/cmake-settings/Catch2.cmake"
[ 30%] Built target random_internal_randen
[ 31%] Built target poison
[ 32%] Built target stacktrace
[ 32%] Built target log_internal_conditions
[100%] Built target simdjson
-- Install configuration: "Release"
[ 32%] Built target demangle_rust
[ 33%] Built target graphcycles_internal
[ 89%] Built target yaml-cpp-sandbox
task: [deps:utils:yscope-dev-utils:cmake:build:/home/nathan/clpdev/build/deps/cpp/zlib-build-[]-[]] cmake --build "/home/nathan/clpdev/build/deps/cpp/zlib-build" --parallel "8"
task: [deps:utils:yscope-dev-utils:cmake:install:/home/nathan/clpdev/build/deps/cpp/nlohmann_json-build-/home/nathan/clpdev/build/deps/cpp/nlohmann_json-install-[]] 
  echo "set(nlohmann_json_ROOT
    \"/home/nathan/clpdev/build/deps/cpp/nlohmann_json-install\"
    CACHE PATH
    \"Package root for nlohmann_json.\"
  )" >> "/home/nathan/clpdev/build/deps/cpp/cmake-settings/nlohmann_json.cmake"
[ 50%] Built target lz4_static
[ 94%] Built target yaml-cpp-read
[ 34%] Built target crc_internal
[ 35%] Built target low_level_hash
[100%] Built target yaml-cpp-parse
[100%] Built target lz4_shared
[ 51%] Built target antlr4_static
[ 36%] Built target demangle_internal
[ 43%] Built target strings
[ 52%] Built target antlr4_tests
[100%] Built target antlr4_shared
[ 44%] Built target symbolize
[ 45%] Built target hash
task: [deps:utils:yscope-dev-utils:cmake:install:/home/nathan/clpdev/build/deps/cpp/yaml-cpp-build-/home/nathan/clpdev/build/deps/cpp/yaml-cpp-install-[]] cmake --install "/home/nathan/clpdev/build/deps/cpp/yaml-cpp-build" --prefix "/home/nathan/clpdev/build/deps/cpp/yaml-cpp-install"
[ 47%] Built target flags_commandlineflag
[ 47%] Built target log_internal_proto
[ 48%] Built target log_internal_fnmatch
[ 51%] Built target str_format_internal
[ 52%] Built target random_distributions
[ 55%] Built target time
task: [deps:utils:yscope-dev-utils:cmake:install:/home/nathan/clpdev/build/deps/cpp/LibLZMA-shared-build-/home/nathan/clpdev/build/deps/cpp/LibLZMA-shared-install-[]] cmake --install "/home/nathan/clpdev/build/deps/cpp/LibLZMA-shared-build" --prefix "/home/nathan/clpdev/build/deps/cpp/LibLZMA-shared-install"
[ 55%] Built target random_internal_seed_material
[ 56%] Built target examine_stack
[ 57%] Built target flags_marshalling
[ 58%] Built target flags_private_handle_accessor
[ 59%] Built target log_internal_structured_proto
[ 60%] Built target log_internal_globals
[ 61%] Built target log_sink
[ 61%] Built target kernel_timeout_internal
-- Generating done (0.5s)
[ 63%] Built target crc32c
-- Build files have been written to: /home/nathan/clpdev/build/deps/cpp/mongocxx-build
[ 65%] Built target random_internal_distribution_test_util
task: [deps:utils:yscope-dev-utils:cmake:install:/home/nathan/clpdev/build/deps/cpp/simdjson-build-/home/nathan/clpdev/build/deps/cpp/simdjson-install-[]] cmake --install "/home/nathan/clpdev/build/deps/cpp/simdjson-build" --prefix "/home/nathan/clpdev/build/deps/cpp/simdjson-install"
task: [deps:utils:yscope-dev-utils:cmake:install:/home/nathan/clpdev/build/deps/cpp/lz4-build-/home/nathan/clpdev/build/deps/cpp/lz4-install-[]] cmake --install "/home/nathan/clpdev/build/deps/cpp/lz4-build" --prefix "/home/nathan/clpdev/build/deps/cpp/lz4-install"
[ 66%] Built target failure_signal_handler
[ 67%] Built target crc_cord_state
[ 68%] Built target log_internal_format
[ 74%] Built target synchronization
[ 77%] Built target cord_internal
[ 77%] Built target flags_program_name
[ 78%] Built target cordz_handle
[ 79%] Built target hashtablez_sampler
[ 79%] Built target random_internal_entropy_pool
[ 80%] Built target vlog_config_internal
[ 50%] Built target zlib
[100%] Built target zlibstatic
-- Install configuration: "Release"
task: [deps:utils:yscope-dev-utils:cmake:install:/home/nathan/clpdev/build/deps/cpp/yaml-cpp-build-/home/nathan/clpdev/build/deps/cpp/yaml-cpp-install-[]] 
  echo "set(yaml-cpp_ROOT
    \"/home/nathan/clpdev/build/deps/cpp/yaml-cpp-install\"
    CACHE PATH
    \"Package root for yaml-cpp.\"
  )" >> "/home/nathan/clpdev/build/deps/cpp/cmake-settings/yaml-cpp.cmake"
[ 81%] Built target flags_config
[ 81%] Built target cordz_info
-- Install configuration: "Release"
task: [deps:utils:yscope-dev-utils:cmake:build:/home/nathan/clpdev/build/deps/cpp/mongocxx-build-[]-[]] cmake --build "/home/nathan/clpdev/build/deps/cpp/mongocxx-build" --parallel "8"
[ 82%] Built target random_seed_sequences
[ 83%] Built target log_globals
task: [deps:utils:yscope-dev-utils:cmake:install:/home/nathan/clpdev/build/deps/cpp/lz4-build-/home/nathan/clpdev/build/deps/cpp/lz4-install-[]] 
  echo "set(lz4_ROOT
    \"/home/nathan/clpdev/build/deps/cpp/lz4-install\"
    CACHE PATH
    \"Package root for lz4.\"
  )" >> "/home/nathan/clpdev/build/deps/cpp/cmake-settings/lz4.cmake"
[ 84%] Built target flags_internal
task: [deps:utils:yscope-dev-utils:cmake:install:/home/nathan/clpdev/build/deps/cpp/zlib-build-/home/nathan/clpdev/build/deps/cpp/zlib-install-[]] cmake --install "/home/nathan/clpdev/build/deps/cpp/zlib-build" --prefix "/home/nathan/clpdev/build/deps/cpp/zlib-install"
-- Install configuration: "Release"
task: [deps:utils:yscope-dev-utils:cmake:install:/home/nathan/clpdev/build/deps/cpp/simdjson-build-/home/nathan/clpdev/build/deps/cpp/simdjson-install-[]] 
  echo "set(simdjson_ROOT
    \"/home/nathan/clpdev/build/deps/cpp/simdjson-install\"
    CACHE PATH
    \"Package root for simdjson.\"
  )" >> "/home/nathan/clpdev/build/deps/cpp/cmake-settings/simdjson.cmake"
[ 85%] Built target cordz_sample_token
[ 86%] Built target cord
task: [deps:yscope-dev-utils:cmake:install:/home/nathan/clpdev/build/deps/cpp/antlr4-runtime-build-/home/nathan/clpdev/build/deps/cpp/antlr4-runtime-install-[]] cmake --install "/home/nathan/clpdev/build/deps/cpp/antlr4-runtime-build" --prefix "/home/nathan/clpdev/build/deps/cpp/antlr4-runtime-install"
[ 87%] Built target log_internal_log_sink_set
[ 88%] Built target log_initialize
[ 89%] Built target raw_hash_set
[ 90%] Built target log_internal_message
[ 92%] Built target status
-- Install configuration: "Release"
-- Installing: /home/nathan/clpdev/build/deps/cpp/LibLZMA-shared-install/lib/cmake/liblzma/liblzma-config.cmake
task: [deps:utils:yscope-dev-utils:cmake:install:/home/nathan/clpdev/build/deps/cpp/LibLZMA-shared-build-/home/nathan/clpdev/build/deps/cpp/LibLZMA-shared-install-[]] 
  echo "set(LibLZMA-shared_ROOT
    \"/home/nathan/clpdev/build/deps/cpp/LibLZMA-shared-install\"
    CACHE PATH
    \"Package root for LibLZMA-shared.\"
  )" >> "/home/nathan/clpdev/build/deps/cpp/cmake-settings/LibLZMA-shared.cmake"
[ 93%] Built target flags_reflection
[ 94%] Built target log_internal_check_op
[ 95%] Built target die_if_null
[ 96%] Built target statusor
[ 97%] Built target log_flags
[ 98%] Built target flags_usage_internal
[ 99%] Built target flags_usage
[100%] Built target flags_parse
-- Install configuration: "Release"
task: [deps:utils:yscope-dev-utils:cmake:install:/home/nathan/clpdev/build/deps/cpp/zlib-build-/home/nathan/clpdev/build/deps/cpp/zlib-install-[]] 
  echo "set(zlib_ROOT
    \"/home/nathan/clpdev/build/deps/cpp/zlib-install\"
    CACHE PATH
    \"Package root for zlib.\"
  )" >> "/home/nathan/clpdev/build/deps/cpp/cmake-settings/zlib.cmake"
[  0%] Built target utf8proc_obj
[  0%] Built target generate-libbsoncxx_shared-pc
[  0%] Built target generate-libmongocxx_shared-pc
[  0%] Built target mlib-ckdint-test
[  3%] Built target zlib_obj
[  3%] Built target generate-libbsoncxx_static-pc
task: [deps:utils:yscope-dev-utils:cmake:install:/home/nathan/clpdev/build/deps/cpp/absl-build-/home/nathan/clpdev/build/deps/cpp/absl-install-[]] cmake --install "/home/nathan/clpdev/build/deps/cpp/absl-build" --prefix "/home/nathan/clpdev/build/deps/cpp/absl-install"
[  7%] Built target bson_static
[  9%] Built target generate-libmongocxx_static-pc
[ 13%] Built target bson_shared
-- Install configuration: "Release"
task: [deps:yscope-dev-utils:cmake:install:/home/nathan/clpdev/build/deps/cpp/antlr4-runtime-build-/home/nathan/clpdev/build/deps/cpp/antlr4-runtime-install-[]] 
  echo "set(antlr4-runtime_ROOT
    \"/home/nathan/clpdev/build/deps/cpp/antlr4-runtime-install\"
    CACHE PATH
    \"Package root for antlr4-runtime.\"
  )" >> "/home/nathan/clpdev/build/deps/cpp/cmake-settings/antlr4-runtime.cmake"
task: Task "deps:yscope-dev-utils:boost:remote:download-and-extract-tar-/home/nathan/clpdev/build/deps/cpp/boost-src" is up to date
[ 18%] Built target bsoncxx_shared
[ 23%] Built target bsoncxx_static
-- Install configuration: "Release"
task: [deps:utils:yscope-dev-utils:cmake:install:/home/nathan/clpdev/build/deps/cpp/absl-build-/home/nathan/clpdev/build/deps/cpp/absl-install-[]] 
  echo "set(absl_ROOT
    \"/home/nathan/clpdev/build/deps/cpp/absl-install\"
    CACHE PATH
    \"Package root for absl.\"
  )" >> "/home/nathan/clpdev/build/deps/cpp/cmake-settings/absl.cmake"
[ 44%] Built target mongoc_static
task: Task "deps:utils:yscope-dev-utils:cmake:remote:curl-/home/nathan/clpdev/build/deps/cpp/spdlog-extracted.tar.gz" is up to date
[ 64%] Built target mongoc_shared
[ 64%] Built target mongoc-cxx-check
[ 66%] Built target mongoc-stat
task: Task "deps:utils:yscope-dev-utils:cmake:remote:download-and-extract-tar-/home/nathan/clpdev/build/deps/cpp/spdlog-extracted" is up to date
task: [deps:utils:yscope-dev-utils:cmake:generate:/home/nathan/clpdev/build/deps/cpp/spdlog-extracted/.-/home/nathan/clpdev/build/deps/cpp/spdlog-build-[-C /home/nathan/clpdev/build/deps/cpp/cmake-settings/fmt.cmake -DCMAKE_BUILD_TYPE=Release -DCMAKE_INSTALL_MESSAGE=LAZY -DCMAKE_POLICY_DEFAULT_CMP0074=NEW -DSPDLOG_BUILD_EXAMPLE=OFF -DSPDLOG_BUILD_EXAMPLE_HO=OFF -DSPDLOG_FMT_EXTERNAL=ON]] cmake -S "/home/nathan/clpdev/build/deps/cpp/spdlog-extracted/." -B "/home/nathan/clpdev/build/deps/cpp/spdlog-build" -C /home/nathan/clpdev/build/deps/cpp/cmake-settings/fmt.cmake -DCMAKE_BUILD_TYPE=Release -DCMAKE_INSTALL_MESSAGE=LAZY -DCMAKE_POLICY_DEFAULT_CMP0074=NEW -DSPDLOG_BUILD_EXAMPLE=OFF -DSPDLOG_BUILD_EXAMPLE_HO=OFF -DSPDLOG_FMT_EXTERNAL=ON
loading initial cache file /home/nathan/clpdev/build/deps/cpp/cmake-settings/fmt.cmake
-- Build spdlog: 1.15.3
-- Build type: Release
-- Generating install
-- Configuring done (0.0s)
-- Generating done (0.0s)
-- Build files have been written to: /home/nathan/clpdev/build/deps/cpp/spdlog-build
task: [deps:utils:yscope-dev-utils:cmake:build:/home/nathan/clpdev/build/deps/cpp/spdlog-build-[]-[]] cmake --build "/home/nathan/clpdev/build/deps/cpp/spdlog-build" --parallel "8"
[ 83%] Built target mongocxx_shared
[100%] Built target mongocxx_static
task: [deps:utils:yscope-dev-utils:cmake:install:/home/nathan/clpdev/build/deps/cpp/mongocxx-build-/home/nathan/clpdev/build/deps/cpp/mongocxx-install-[]] cmake --install "/home/nathan/clpdev/build/deps/cpp/mongocxx-build" --prefix "/home/nathan/clpdev/build/deps/cpp/mongocxx-install"
[100%] Built target spdlog
-- Install configuration: "Release"
-- Generating pkg-config file: bson2-static.pc
-- Installing: /home/nathan/clpdev/build/deps/cpp/mongocxx-install/lib/pkgconfig/bson2-static.pc
-- Generating pkg-config file: bson2.pc
-- Installing: /home/nathan/clpdev/build/deps/cpp/mongocxx-install/lib/pkgconfig/bson2.pc
-- Generating pkg-config file: mongoc2.pc
-- Installing: /home/nathan/clpdev/build/deps/cpp/mongocxx-install/lib/pkgconfig/mongoc2.pc
-- Generating pkg-config file: mongoc2-static.pc
-- Installing: /home/nathan/clpdev/build/deps/cpp/mongocxx-install/lib/pkgconfig/mongoc2-static.pc
task: [deps:utils:yscope-dev-utils:cmake:install:/home/nathan/clpdev/build/deps/cpp/spdlog-build-/home/nathan/clpdev/build/deps/cpp/spdlog-install-[]] cmake --install "/home/nathan/clpdev/build/deps/cpp/spdlog-build" --prefix "/home/nathan/clpdev/build/deps/cpp/spdlog-install"
task: [deps:utils:yscope-dev-utils:cmake:install:/home/nathan/clpdev/build/deps/cpp/mongocxx-build-/home/nathan/clpdev/build/deps/cpp/mongocxx-install-[]] 
  echo "set(mongocxx_ROOT
    \"/home/nathan/clpdev/build/deps/cpp/mongocxx-install\"
    CACHE PATH
    \"Package root for mongocxx.\"
  )" >> "/home/nathan/clpdev/build/deps/cpp/cmake-settings/mongocxx.cmake"
task: Task "deps:utils:yscope-dev-utils:cmake:remote:curl-/home/nathan/clpdev/build/deps/cpp/Protobuf-extracted.tar.gz" is up to date
-- Install configuration: "Release"
task: [deps:utils:yscope-dev-utils:cmake:install:/home/nathan/clpdev/build/deps/cpp/spdlog-build-/home/nathan/clpdev/build/deps/cpp/spdlog-install-[]] 
  echo "set(spdlog_ROOT
    \"/home/nathan/clpdev/build/deps/cpp/spdlog-install\"
    CACHE PATH
    \"Package root for spdlog.\"
  )" >> "/home/nathan/clpdev/build/deps/cpp/cmake-settings/spdlog.cmake"
task: Task "deps:utils:yscope-dev-utils:cmake:remote:download-and-extract-tar-/home/nathan/clpdev/build/deps/cpp/Protobuf-extracted" is up to date
task: [deps:utils:yscope-dev-utils:cmake:generate:/home/nathan/clpdev/build/deps/cpp/Protobuf-extracted/.-/home/nathan/clpdev/build/deps/cpp/Protobuf-build-[-C /home/nathan/clpdev/build/deps/cpp/cmake-settings/absl.cmake -DCMAKE_BUILD_TYPE=Release -DCMAKE_CXX_STANDARD=20 -DCMAKE_INSTALL_MESSAGE=LAZY -DCMAKE_POSITION_INDEPENDENT_CODE=ON -Dprotobuf_ABSL_PROVIDER=package -Dprotobuf_BUILD_SHARED_LIBS=OFF -Dprotobuf_BUILD_TESTS=OFF -Dprotobuf_INSTALL=ON]] cmake -S "/home/nathan/clpdev/build/deps/cpp/Protobuf-extracted/." -B "/home/nathan/clpdev/build/deps/cpp/Protobuf-build" -C /home/nathan/clpdev/build/deps/cpp/cmake-settings/absl.cmake -DCMAKE_BUILD_TYPE=Release -DCMAKE_CXX_STANDARD=20 -DCMAKE_INSTALL_MESSAGE=LAZY -DCMAKE_POSITION_INDEPENDENT_CODE=ON -Dprotobuf_ABSL_PROVIDER=package -Dprotobuf_BUILD_SHARED_LIBS=OFF -Dprotobuf_BUILD_TESTS=OFF -Dprotobuf_INSTALL=ON
loading initial cache file /home/nathan/clpdev/build/deps/cpp/cmake-settings/absl.cmake
-- protobuf version: 31.1.0
-- Configuring done (0.0s)
-- Generating done (0.1s)
-- Build files have been written to: /home/nathan/clpdev/build/deps/cpp/Protobuf-build
task: [deps:utils:yscope-dev-utils:cmake:build:/home/nathan/clpdev/build/deps/cpp/Protobuf-build-[]-[]] cmake --build "/home/nathan/clpdev/build/deps/cpp/Protobuf-build" --parallel "8"
[  1%] Built target utf8_range
[  1%] Built target utf8_validity
[ 15%] Built target libupb
[ 21%] Built target libprotobuf-lite
[ 38%] Built target libprotobuf
[ 53%] Built target protoc-gen-upb
[ 69%] Built target protoc-gen-upbdefs
[100%] Built target libprotoc
[100%] Built target protoc
task: [deps:utils:yscope-dev-utils:cmake:install:/home/nathan/clpdev/build/deps/cpp/Protobuf-build-/home/nathan/clpdev/build/deps/cpp/Protobuf-install-[]] cmake --install "/home/nathan/clpdev/build/deps/cpp/Protobuf-build" --prefix "/home/nathan/clpdev/build/deps/cpp/Protobuf-install"
-- Install configuration: "Release"
task: [deps:utils:yscope-dev-utils:cmake:install:/home/nathan/clpdev/build/deps/cpp/Protobuf-build-/home/nathan/clpdev/build/deps/cpp/Protobuf-install-[]] 
  echo "set(Protobuf_ROOT
    \"/home/nathan/clpdev/build/deps/cpp/Protobuf-install\"
    CACHE PATH
    \"Package root for Protobuf.\"
  )" >> "/home/nathan/clpdev/build/deps/cpp/cmake-settings/Protobuf.cmake"
task: Task "deps:utils:yscope-dev-utils:cmake:remote:curl-/home/nathan/clpdev/build/deps/cpp/opentelemetry-cpp-extracted.tar.gz" is up to date
task: Task "deps:utils:yscope-dev-utils:cmake:remote:download-and-extract-tar-/home/nathan/clpdev/build/deps/cpp/opentelemetry-cpp-extracted" is up to date
task: [deps:utils:yscope-dev-utils:cmake:generate:/home/nathan/clpdev/build/deps/cpp/opentelemetry-cpp-extracted/.-/home/nathan/clpdev/build/deps/cpp/opentelemetry-cpp-build-[-C /home/nathan/clpdev/build/deps/cpp/cmake-settings/absl.cmake -C /home/nathan/clpdev/build/deps/cpp/cmake-settings/nlohmann_json.cmake -C /home/nathan/clpdev/build/deps/cpp/cmake-settings/Protobuf.cmake -DBUILD_TESTING=OFF -DCMAKE_BUILD_TYPE=Release -DCMAKE_CXX_STANDARD=20 -DCMAKE_INSTALL_MESSAGE=LAZY -DCMAKE_POSITION_INDEPENDENT_CODE=ON -DOPENTELEMETRY_INSTALL=ON -DWITH_BENCHMARK=OFF -DWITH_EXAMPLES=OFF -DWITH_FUNC_TESTS=OFF -DWITH_OTLP_GRPC=OFF -DWITH_OTLP_HTTP=ON]] cmake -S "/home/nathan/clpdev/build/deps/cpp/opentelemetry-cpp-extracted/." -B "/home/nathan/clpdev/build/deps/cpp/opentelemetry-cpp-build" -C /home/nathan/clpdev/build/deps/cpp/cmake-settings/absl.cmake -C /home/nathan/clpdev/build/deps/cpp/cmake-settings/nlohmann_json.cmake -C /home/nathan/clpdev/build/deps/cpp/cmake-settings/Protobuf.cmake -DBUILD_TESTING=OFF -DCMAKE_BUILD_TYPE=Release -DCMAKE_CXX_STANDARD=20 -DCMAKE_INSTALL_MESSAGE=LAZY -DCMAKE_POSITION_INDEPENDENT_CODE=ON -DOPENTELEMETRY_INSTALL=ON -DWITH_BENCHMARK=OFF -DWITH_EXAMPLES=OFF -DWITH_FUNC_TESTS=OFF -DWITH_OTLP_GRPC=OFF -DWITH_OTLP_HTTP=ON
loading initial cache file /home/nathan/clpdev/build/deps/cpp/cmake-settings/absl.cmake
loading initial cache file /home/nathan/clpdev/build/deps/cpp/cmake-settings/nlohmann_json.cmake
loading initial cache file /home/nathan/clpdev/build/deps/cpp/cmake-settings/Protobuf.cmake
-- PROTOBUF_PROTOC_EXECUTABLE=$<TARGET_FILE:protobuf::protoc>
-- ---------------------------------------------
-- build settings
-- ---------------------------------------------
-- OpenTelemetry VERSION: 1.27.0
-- OpenTelemetry ABI: 1
-- CMAKE_SYSTEM_PROCESSOR: aarch64
-- CXX: GNU 11.4.0
-- CMAKE_BUILD_TYPE: Release
-- CXXFLAGS: 
-- CMAKE_CXX_STANDARD: 20
-- CMAKE_TOOLCHAIN_FILE: 
-- BUILD_SHARED_LIBS: 
-- ---------------------------------------------
-- opentelemetry-cpp build options
-- ---------------------------------------------
-- WITH_API_ONLY: OFF
-- WITH_NO_DEPRECATED_CODE: OFF
-- WITH_ABI_VERSION_1: ON
-- WITH_ABI_VERSION_2: OFF
-- OTELCPP_VERSIONED_LIBS: OFF
-- OTELCPP_MAINTAINER_MODE: OFF
-- WITH_STL: OFF
-- WITH_GSL: OFF
-- WITH_NO_GETENV: OFF
-- OPENTELEMETRY_INSTALL: ON
-- ---------------------------------------------
-- opentelemetry-cpp cmake component options
-- ---------------------------------------------
-- WITH_OTLP_GRPC: OFF
-- WITH_OTLP_HTTP: ON
-- WITH_OTLP_FILE: OFF
-- WITH_HTTP_CLIENT_CURL: ON
-- WITH_ZIPKIN: OFF
-- WITH_PROMETHEUS: OFF
-- WITH_ELASTICSEARCH: OFF
-- WITH_OPENTRACING: OFF
-- WITH_ETW: 
-- OPENTELEMETRY_BUILD_DLL: 
-- WITH_CONFIGURATION: OFF
-- ---------------------------------------------
-- feature preview options
-- ---------------------------------------------
-- WITH_ASYNC_EXPORT_PREVIEW: OFF
-- WITH_THREAD_INSTRUMENTATION_PREVIEW: OFF
-- WITH_METRICS_EXEMPLAR_PREVIEW: OFF
-- WITH_OTLP_GRPC_SSL_MTLS_PREVIEW: ON
-- WITH_OTLP_GRPC_CREDENTIAL_PREVIEW: OFF
-- WITH_OTLP_RETRY_PREVIEW: ON
-- ---------------------------------------------
-- third-party options
-- ---------------------------------------------
-- WITH_NLOHMANN_JSON: ON
-- WITH_CURL_LOGGING: OFF
-- WITH_OTLP_HTTP_COMPRESSION: OFF
-- ---------------------------------------------
-- examples and test options
-- ---------------------------------------------
-- WITH_BENCHMARK: OFF
-- WITH_EXAMPLES: OFF
-- WITH_EXAMPLES_HTTP: OFF
-- WITH_FUNC_TESTS: OFF
-- BUILD_W3CTRACECONTEXT_TEST: OFF
-- BUILD_TESTING: OFF
-- ---------------------------------------------
-- versions
-- ---------------------------------------------
-- CMake: 3.31.10
-- GTest:  ()
-- benchmark:  ()
-- Abseil: 20250512
-- opentelemetry-proto: 1.10.0 (fetch_repository)
-- Protobuf: 31.1.0 (find_package - STATIC_LIBRARY)
-- CURL: 7.81.0 (find_package)
-- ZLIB: 1.2.11 ()
-- nlohmann-json: 3.11.3 (find_package)
-- ---------------------------------------------
-- Building WITH_STL=OFF
-- Installing components:
-- Install COMPONENT api
--   TARGETS: opentelemetry_api
--   TARGETS_ALIAS: opentelemetry-cpp::api
--   COMPONENT_DEPENDS: 
--   THIRDPARTY_DEPENDS: 
--   FILES_DIRECTORY: /home/nathan/clpdev/build/deps/cpp/opentelemetry-cpp-extracted/api/include/opentelemetry
--   FILES_DESTINATION: include
--   FILES_MATCHING: PATTERN;*.h
-- Install COMPONENT sdk
--   TARGETS: opentelemetry_sdk;opentelemetry_common;opentelemetry_resources;opentelemetry_version;opentelemetry_logs;opentelemetry_trace;opentelemetry_metrics
--   TARGETS_ALIAS: opentelemetry-cpp::sdk;opentelemetry-cpp::common;opentelemetry-cpp::resources;opentelemetry-cpp::version;opentelemetry-cpp::logs;opentelemetry-cpp::trace;opentelemetry-cpp::metrics
--   COMPONENT_DEPENDS: api
--   THIRDPARTY_DEPENDS: Threads
--   FILES_DIRECTORY: /home/nathan/clpdev/build/deps/cpp/opentelemetry-cpp-extracted/sdk/include/opentelemetry/
--   FILES_DESTINATION: include/opentelemetry
--   FILES_MATCHING: PATTERN;*.h;PATTERN;sdk/configuration/*.h;EXCLUDE
-- Install COMPONENT ext_common
--   TARGETS: opentelemetry_ext
--   TARGETS_ALIAS: opentelemetry-cpp::ext
--   COMPONENT_DEPENDS: api
--   THIRDPARTY_DEPENDS: 
--   FILES_DIRECTORY: /home/nathan/clpdev/build/deps/cpp/opentelemetry-cpp-extracted/ext/include/opentelemetry/ext
--   FILES_DESTINATION: include/opentelemetry
--   FILES_MATCHING: PATTERN;*.h
-- Install COMPONENT ext_http_curl
--   TARGETS: opentelemetry_http_client_curl
--   TARGETS_ALIAS: opentelemetry-cpp::http_client_curl
--   COMPONENT_DEPENDS: api;sdk;ext_common
--   THIRDPARTY_DEPENDS: CURL
--   FILES_DIRECTORY: 
--   FILES_DESTINATION: 
--   FILES_MATCHING: 
-- Install COMPONENT exporters_otlp_common
--   TARGETS: opentelemetry_otlp_recordable;opentelemetry_proto
--   TARGETS_ALIAS: opentelemetry-cpp::otlp_recordable;opentelemetry-cpp::proto
--   COMPONENT_DEPENDS: api;sdk
--   THIRDPARTY_DEPENDS: Protobuf
--   FILES_DIRECTORY: /home/nathan/clpdev/build/deps/cpp/opentelemetry-cpp-extracted/exporters/otlp/include/opentelemetry/exporters/otlp
--   FILES_DESTINATION: include/opentelemetry/exporters
--   FILES_MATCHING: PATTERN;*.h;PATTERN;otlp_builder_utils*.h;EXCLUDE;PATTERN;otlp_http*.h;EXCLUDE;PATTERN;otlp_grpc*.h;EXCLUDE;PATTERN;otlp_file*.h;EXCLUDE
-- Install COMPONENT exporter_otlp_builder_utils
--   TARGETS: opentelemetry_exporter_otlp_builder_utils
--   TARGETS_ALIAS: opentelemetry-cpp::otlp_builder_utils
--   COMPONENT_DEPENDS: api;sdk;exporters_otlp_common
--   THIRDPARTY_DEPENDS: 
--   FILES_DIRECTORY: /home/nathan/clpdev/build/deps/cpp/opentelemetry-cpp-extracted/exporters/otlp/include/opentelemetry/exporters/otlp
--   FILES_DESTINATION: include/opentelemetry/exporters
--   FILES_MATCHING: PATTERN;otlp_builder_utils.h
-- Install COMPONENT exporters_otlp_http
--   TARGETS: opentelemetry_exporter_otlp_http_client;opentelemetry_exporter_otlp_http;opentelemetry_exporter_otlp_http_log;opentelemetry_exporter_otlp_http_metric
--   TARGETS_ALIAS: opentelemetry-cpp::otlp_http_client;opentelemetry-cpp::otlp_http_exporter;opentelemetry-cpp::otlp_http_log_record_exporter;opentelemetry-cpp::otlp_http_metric_exporter
--   COMPONENT_DEPENDS: api;sdk;ext_common;exporters_otlp_common;ext_http_curl
--   THIRDPARTY_DEPENDS: 
--   FILES_DIRECTORY: /home/nathan/clpdev/build/deps/cpp/opentelemetry-cpp-extracted/exporters/otlp/include/opentelemetry/exporters/otlp
--   FILES_DESTINATION: include/opentelemetry/exporters
--   FILES_MATCHING: PATTERN;otlp_http*.h;PATTERN;otlp_http_span_builder.h;EXCLUDE;PATTERN;otlp_http_log_record_builder.h;EXCLUDE;PATTERN;otlp_http_push_metric_builder.h;EXCLUDE
-- Install COMPONENT exporters_otlp_http_builder
--   TARGETS: opentelemetry_exporter_otlp_http_builder;opentelemetry_exporter_otlp_http_log_builder;opentelemetry_exporter_otlp_http_metric_builder
--   TARGETS_ALIAS: opentelemetry-cpp::otlp_http_exporter_builder;opentelemetry-cpp::otlp_http_log_record_exporter_builder;opentelemetry-cpp::otlp_http_metric_exporter_builder
--   COMPONENT_DEPENDS: api;sdk;ext_common;exporters_otlp_common;ext_http_curl;exporters_otlp_http;exporter_otlp_builder_utils
--   THIRDPARTY_DEPENDS: 
--   FILES_DIRECTORY: /home/nathan/clpdev/build/deps/cpp/opentelemetry-cpp-extracted/exporters/otlp/include/opentelemetry/exporters/otlp
--   FILES_DESTINATION: include/opentelemetry/exporters
--   FILES_MATCHING: PATTERN;otlp_http_span_builder.h;PATTERN;otlp_http_log_record_builder.h;PATTERN;otlp_http_push_metric_builder.h
-- Install COMPONENT exporters_ostream
--   TARGETS: opentelemetry_exporter_ostream_span;opentelemetry_exporter_ostream_metrics;opentelemetry_exporter_ostream_logs
--   TARGETS_ALIAS: opentelemetry-cpp::ostream_span_exporter;opentelemetry-cpp::ostream_metrics_exporter;opentelemetry-cpp::ostream_log_record_exporter
--   COMPONENT_DEPENDS: api;sdk
--   THIRDPARTY_DEPENDS: 
--   FILES_DIRECTORY: /home/nathan/clpdev/build/deps/cpp/opentelemetry-cpp-extracted/exporters/ostream/include/opentelemetry/exporters/ostream
--   FILES_DESTINATION: include/opentelemetry/exporters
--   FILES_MATCHING: PATTERN;*.h;PATTERN;console_log_record_builder.h;EXCLUDE;PATTERN;console_push_metric_builder.h;EXCLUDE;PATTERN;console_span_builder.h;EXCLUDE
-- Install COMPONENT exporters_ostream_builder
--   TARGETS: opentelemetry_exporter_ostream_span_builder;opentelemetry_exporter_ostream_metrics_builder;opentelemetry_exporter_ostream_logs_builder
--   TARGETS_ALIAS: opentelemetry-cpp::ostream_span_exporter_builder;opentelemetry-cpp::ostream_metrics_exporter_builder;opentelemetry-cpp::ostream_log_record_exporter_builder
--   COMPONENT_DEPENDS: api;sdk;exporters_ostream
--   THIRDPARTY_DEPENDS: 
--   FILES_DIRECTORY: /home/nathan/clpdev/build/deps/cpp/opentelemetry-cpp-extracted/exporters/ostream/include/opentelemetry/exporters/ostream
--   FILES_DESTINATION: include/opentelemetry/exporters
--   FILES_MATCHING: PATTERN;console_log_record_builder.h;PATTERN;console_push_metric_builder.h;PATTERN;console_span_builder.h
-- Install COMPONENT exporters_in_memory
--   TARGETS: opentelemetry_exporter_in_memory;opentelemetry_exporter_in_memory_metric
--   TARGETS_ALIAS: opentelemetry-cpp::in_memory_span_exporter;opentelemetry-cpp::in_memory_metric_exporter
--   COMPONENT_DEPENDS: api;sdk
--   THIRDPARTY_DEPENDS: 
--   FILES_DIRECTORY: /home/nathan/clpdev/build/deps/cpp/opentelemetry-cpp-extracted/exporters/memory/include/opentelemetry/exporters/memory
--   FILES_DESTINATION: include/opentelemetry/exporters
--   FILES_MATCHING: PATTERN;*.h
-- Configuring done (0.1s)
-- Generating done (0.1s)
-- Build files have been written to: /home/nathan/clpdev/build/deps/cpp/opentelemetry-cpp-build
task: [deps:utils:yscope-dev-utils:cmake:build:/home/nathan/clpdev/build/deps/cpp/opentelemetry-cpp-build-[]-[]] cmake --build "/home/nathan/clpdev/build/deps/cpp/opentelemetry-cpp-build" --parallel "8"
[  2%] Built target opentelemetry_version
[  7%] Built target opentelemetry_common
[  9%] Built target opentelemetry_resources
[ 15%] Built target opentelemetry_proto
[ 18%] Built target opentelemetry_http_client_curl
[ 20%] Built target opentelemetry_exporter_otlp_http_client
[ 34%] Built target opentelemetry_logs
[ 49%] Built target opentelemetry_trace
[ 51%] Built target opentelemetry_exporter_ostream_logs
[ 73%] Built target opentelemetry_metrics
[ 73%] Built target opentelemetry_exporter_in_memory
[ 75%] Built target opentelemetry_exporter_ostream_span
[ 77%] Built target opentelemetry_exporter_ostream_metrics
[ 78%] Built target opentelemetry_exporter_ostream_logs_builder
[ 80%] Built target opentelemetry_exporter_in_memory_metric
[ 81%] Built target opentelemetry_exporter_ostream_span_builder
[ 86%] Built target opentelemetry_otlp_recordable
[ 87%] Built target opentelemetry_exporter_ostream_metrics_builder
[ 89%] Built target opentelemetry_exporter_otlp_builder_utils
[ 91%] Built target opentelemetry_exporter_otlp_http
[ 94%] Built target opentelemetry_exporter_otlp_http_log
[ 97%] Built target opentelemetry_exporter_otlp_http_metric
[ 98%] Built target opentelemetry_exporter_otlp_http_builder
[ 99%] Built target opentelemetry_exporter_otlp_http_metric_builder
[100%] Built target opentelemetry_exporter_otlp_http_log_builder
task: [deps:utils:yscope-dev-utils:cmake:install:/home/nathan/clpdev/build/deps/cpp/opentelemetry-cpp-build-/home/nathan/clpdev/build/deps/cpp/opentelemetry-cpp-install-[]] cmake --install "/home/nathan/clpdev/build/deps/cpp/opentelemetry-cpp-build" --prefix "/home/nathan/clpdev/build/deps/cpp/opentelemetry-cpp-install"
-- Install configuration: "Release"
task: [deps:utils:yscope-dev-utils:cmake:install:/home/nathan/clpdev/build/deps/cpp/opentelemetry-cpp-build-/home/nathan/clpdev/build/deps/cpp/opentelemetry-cpp-install-[]] 
  echo "set(opentelemetry-cpp_ROOT
    \"/home/nathan/clpdev/build/deps/cpp/opentelemetry-cpp-install\"
    CACHE PATH
    \"Package root for opentelemetry-cpp.\"
  )" >> "/home/nathan/clpdev/build/deps/cpp/cmake-settings/opentelemetry-cpp.cmake"
task: Task "deps:yscope-dev-utils:boost:generate" is up to date
task: [deps:yscope-dev-utils:boost:build-and-install] pushd "/home/nathan/clpdev/build/deps/cpp/boost-generate"
./b2 install \
  --build-dir="/home/nathan/clpdev/build/deps/cpp/boost-build" \
    -j8 \
;
popd
/home/nathan/clpdev/build/deps/cpp/boost-generate /home/nathan/clpdev
Performing configuration checks

    - default address-model    : 64-bit (cached) [1]
    - default architecture     : arm (cached) [1]
    - has std::atomic_ref      : no  (cached) [2]
    - has -Wl,--no-undefined   : yes (cached) [2]
    - has statx                : yes (cached) [2]
    - cxx11_rvalue_references  : yes (cached) [2]
    - cxx11_scoped_enums       : yes (cached) [2]
    - cxx11_noexcept           : yes (cached) [2]
    - cxx11_nullptr            : yes (cached) [2]
    - cxx11_defaulted_functions : yes (cached) [2]
    - cxx11_defaulted_moves    : yes (cached) [2]
    - cxx11_deleted_functions  : yes (cached) [2]
    - cxx11_function_template_default_args : yes (cached) [2]
    - cxx11_final              : yes (cached) [2]
    - cxx11_override           : yes (cached) [2]
    - has init_priority attribute : yes (cached) [2]
    - has stat::st_blksize     : yes (cached) [2]
    - has stat::st_mtim        : yes (cached) [2]
    - has stat::st_mtimensec   : no  (cached) [2]
    - has stat::st_mtimespec   : no  (cached) [2]
    - has stat::st_birthtim    : no  (cached) [2]
    - has stat::st_birthtimensec : no  (cached) [2]
    - has stat::st_birthtimespec : no  (cached) [2]
    - has fdopendir(O_NOFOLLOW) : yes (cached) [2]
    - has dirent::d_type       : yes (cached) [2]
    - has POSIX *at APIs       : yes (cached) [2]
    - has fallocate            : yes (cached) [2]
    - cxx11_static_assert      : yes (cached) [2]
    - zlib                     : yes (cached) [2]
    - bzip2                    : no  (cached) [2]
    - lzma                     : yes (cached) [2]
    - zstd                     : yes (cached) [2]
    - sfinae_expr              : yes (cached) [2]
    - cxx11_auto_declarations  : yes (cached) [2]
    - cxx11_lambdas            : yes (cached) [2]
    - cxx11_unified_initialization_syntax : yes (cached) [2]
    - cxx11_hdr_tuple          : yes (cached) [2]
    - cxx11_hdr_initializer_list : yes (cached) [2]
    - cxx11_hdr_chrono         : yes (cached) [2]
    - cxx11_thread_local       : yes (cached) [2]
    - cxx11_constexpr          : yes (cached) [2]
    - cxx11_numeric_limits     : yes (cached) [2]
    - cxx11_decltype           : yes (cached) [2]
    - cxx11_hdr_array          : yes (cached) [2]
    - cxx11_hdr_atomic         : yes (cached) [2]
    - cxx11_hdr_type_traits    : yes (cached) [2]
    - cxx11_allocator          : yes (cached) [2]
    - cxx11_explicit_conversion_operators : yes (cached) [2]
    - has_icu builds           : no  (cached) [2]
    - has_lzma_cputhreads builds : yes (cached) [2]
    - BOOST_ARCH_WORD_BITS == 0.0.16 : no  (cached) [3]
    - BOOST_ARCH_WORD_BITS == 0.0.32 : no  (cached) [3]
    - BOOST_ARCH_WORD_BITS == 0.0.64 : no  (cached) [3]
    - BOOST_ARCH_X86           : no  (cached) [3]
    - BOOST_ARCH_IA64          : no  (cached) [3]
    - BOOST_ARCH_SPARC         : no  (cached) [3]
    - BOOST_ARCH_PPC           : no  (cached) [3]
    - BOOST_ARCH_LOONGARCH     : no  (cached) [3]
    - BOOST_ARCH_MIPS          : no  (cached) [3]
    - BOOST_ARCH_PARISC        : no  (cached) [3]
    - BOOST_ARCH_ARM           : no  (cached) [3]
    - BOOST_ARCH_RISCV         : no  (cached) [3]
    - BOOST_ARCH_SYS390        : no  (cached) [3]
    - has std::atomic_ref      : no  (cached) [3]
    - has -Wl,--no-undefined   : yes (cached) [3]
    - has statx                : yes (cached) [3]
    - cxx11_rvalue_references  : yes (cached) [3]
    - cxx11_scoped_enums       : yes (cached) [3]
    - cxx11_noexcept           : yes (cached) [3]
    - cxx11_nullptr            : yes (cached) [3]
    - cxx11_defaulted_functions : yes (cached) [3]
    - cxx11_defaulted_moves    : yes (cached) [3]
    - cxx11_deleted_functions  : yes (cached) [3]
    - cxx11_function_template_default_args : yes (cached) [3]
    - cxx11_final              : yes (cached) [3]
    - cxx11_override           : yes (cached) [3]
    - has init_priority attribute : yes (cached) [3]
    - has stat::st_blksize     : yes (cached) [3]
    - has stat::st_mtim        : yes (cached) [3]
    - has stat::st_mtimensec   : no  (cached) [3]
    - has stat::st_mtimespec   : no  (cached) [3]
    - has stat::st_birthtim    : no  (cached) [3]
    - has stat::st_birthtimensec : no  (cached) [3]
    - has stat::st_birthtimespec : no  (cached) [3]
    - has fdopendir(O_NOFOLLOW) : yes (cached) [3]
    - has dirent::d_type       : yes (cached) [3]
    - has POSIX *at APIs       : yes (cached) [3]
    - has fallocate            : yes (cached) [3]
    - cxx11_static_assert      : yes (cached) [3]
    - cxx11_template_aliases   : yes (cached) [2]
    - cxx11_variadic_templates : yes (cached) [2]
    - has std::atomic_ref      : no  (cached) [4]
    - has statx                : yes (cached) [4]
    - cxx11_rvalue_references  : yes (cached) [4]
    - cxx11_scoped_enums       : yes (cached) [4]
    - cxx11_noexcept           : yes (cached) [4]
    - cxx11_nullptr            : yes (cached) [4]
    - cxx11_defaulted_functions : yes (cached) [4]
    - cxx11_defaulted_moves    : yes (cached) [4]
    - cxx11_deleted_functions  : yes (cached) [4]
    - cxx11_function_template_default_args : yes (cached) [4]
    - cxx11_final              : yes (cached) [4]
    - cxx11_override           : yes (cached) [4]
    - has init_priority attribute : yes (cached) [4]
    - has stat::st_blksize     : yes (cached) [4]
    - has stat::st_mtim        : yes (cached) [4]
    - has stat::st_mtimensec   : no  (cached) [4]
    - has stat::st_mtimespec   : no  (cached) [4]
    - has stat::st_birthtim    : no  (cached) [4]
    - has stat::st_birthtimensec : no  (cached) [4]
    - has stat::st_birthtimespec : no  (cached) [4]
    - has fdopendir(O_NOFOLLOW) : yes (cached) [4]
    - has dirent::d_type       : yes (cached) [4]
    - has POSIX *at APIs       : yes (cached) [4]
    - has fallocate            : yes (cached) [4]
    - cxx11_static_assert      : yes (cached) [4]
    - zlib                     : yes (cached) [4]
    - bzip2                    : no  (cached) [4]
    - lzma                     : yes (cached) [4]
    - zstd                     : yes (cached) [4]
    - sfinae_expr              : yes (cached) [4]
    - cxx11_auto_declarations  : yes (cached) [4]
    - cxx11_lambdas            : yes (cached) [4]
    - cxx11_unified_initialization_syntax : yes (cached) [4]
    - cxx11_hdr_tuple          : yes (cached) [4]
    - cxx11_hdr_initializer_list : yes (cached) [4]
    - cxx11_hdr_chrono         : yes (cached) [4]
    - cxx11_thread_local       : yes (cached) [4]
    - cxx11_constexpr          : yes (cached) [4]
    - cxx11_numeric_limits     : yes (cached) [4]
    - cxx11_decltype           : yes (cached) [4]
    - cxx11_hdr_array          : yes (cached) [4]
    - cxx11_hdr_atomic         : yes (cached) [4]
    - cxx11_hdr_type_traits    : yes (cached) [4]
    - cxx11_allocator          : yes (cached) [4]
    - cxx11_explicit_conversion_operators : yes (cached) [4]
    - has_icu builds           : no  (cached) [4]
    - has_lzma_cputhreads builds : yes (cached) [4]
    - BOOST_ARCH_WORD_BITS == 0.0.16 : no  (cached) [5]
    - BOOST_ARCH_WORD_BITS == 0.0.32 : no  (cached) [5]
    - BOOST_ARCH_WORD_BITS == 0.0.64 : no  (cached) [5]
    - BOOST_ARCH_X86           : no  (cached) [5]
    - BOOST_ARCH_IA64          : no  (cached) [5]
    - BOOST_ARCH_SPARC         : no  (cached) [5]
    - BOOST_ARCH_PPC           : no  (cached) [5]
    - BOOST_ARCH_LOONGARCH     : no  (cached) [5]
    - BOOST_ARCH_MIPS          : no  (cached) [5]
    - BOOST_ARCH_PARISC        : no  (cached) [5]
    - BOOST_ARCH_ARM           : no  (cached) [5]
    - BOOST_ARCH_RISCV         : no  (cached) [5]
    - BOOST_ARCH_SYS390        : no  (cached) [5]
    - has std::atomic_ref      : no  (cached) [5]
    - has statx                : yes (cached) [5]
    - cxx11_rvalue_references  : yes (cached) [5]
    - cxx11_scoped_enums       : yes (cached) [5]
    - cxx11_noexcept           : yes (cached) [5]
    - cxx11_nullptr            : yes (cached) [5]
    - cxx11_defaulted_functions : yes (cached) [5]
    - cxx11_defaulted_moves    : yes (cached) [5]
    - cxx11_deleted_functions  : yes (cached) [5]
    - cxx11_function_template_default_args : yes (cached) [5]
    - cxx11_final              : yes (cached) [5]
    - cxx11_override           : yes (cached) [5]
    - has init_priority attribute : yes (cached) [5]
    - has stat::st_blksize     : yes (cached) [5]
    - has stat::st_mtim        : yes (cached) [5]
    - has stat::st_mtimensec   : no  (cached) [5]
    - has stat::st_mtimespec   : no  (cached) [5]
    - has stat::st_birthtim    : no  (cached) [5]
    - has stat::st_birthtimensec : no  (cached) [5]
    - has stat::st_birthtimespec : no  (cached) [5]
    - has fdopendir(O_NOFOLLOW) : yes (cached) [5]
    - has dirent::d_type       : yes (cached) [5]
    - has POSIX *at APIs       : yes (cached) [5]
    - has fallocate            : yes (cached) [5]
    - cxx11_static_assert      : yes (cached) [5]
    - cxx11_template_aliases   : yes (cached) [4]
    - cxx11_variadic_templates : yes (cached) [4]

[1] gcc-11
[2] gcc-11/release/arm_64/threading-multi/visibility-hidden
[3] gcc-11/release/arm_64/boost.process.fs-boost/threading-multi/visibility-hidden
[4] gcc-11/release/arm_64/link-static/threading-multi/visibility-hidden
[5] gcc-11/release/arm_64/boost.process.fs-boost/link-static/threading-multi/visibility-hidden

Component configuration:

    - contract                 : not building
    - date_time                : not building
    - exception                : not building
    - graph                    : not building
    - graph_parallel           : not building
    - headers                  : not building
    - locale                   : not building
    - log                      : not building
    - nowide                   : not building
    - program_options          : building
    - regex                    : building
    - serialization            : not building
    - test                     : not building
    - thread                   : not building
    - type_erasure             : not building
    - winapi                   : not building
    - wave                     : not building
    - variant2                 : not building
    - variant                  : not building
    - uuid                     : not building
    - url                      : building
    - unordered                : not building
    - type_index               : not building
    - tuple                    : not building
    - timer                    : not building
    - throw_exception          : not building
    - system                   : building
    - stl_interfaces           : not building
    - stacktrace               : not building
    - smart_ptr                : not building
    - signals2                 : not building
    - scope                    : not building
    - redis                    : not building
    - ratio                    : not building
    - random                   : not building
    - python                   : not building
    - process                  : building
    - predef                   : not building
    - poly_collection          : not building
    - pfr                      : not building
    - parameter                : not building
    - outcome                  : not building
    - optional                 : not building
    - mysql                    : not building
    - multi_index              : not building
    - msm                      : not building
    - mpi                      : not building
    - mp11                     : not building
    - move                     : not building
    - math                     : not building
    - lockfree                 : not building
    - lexical_cast             : not building
    - lambda2                  : not building
    - json                     : not building
    - iterator                 : not building
    - iostreams                : building
    - intrusive                : not building
    - interprocess             : not building
    - integer                  : not building
    - heap                     : not building
    - hana                     : not building
    - geometry                 : not building
    - function_types           : not building
    - function                 : not building
    - flyweight                : not building
    - filesystem               : building
    - fiber                    : not building
    - endian                   : not building
    - dll                      : not building
    - detail                   : not building
    - describe                 : not building
    - crc                      : not building
    - coroutine2               : not building
    - coroutine                : not building
    - core                     : not building
    - conversion               : not building
    - context                  : not building
    - container_hash           : not building
    - container                : not building
    - compat                   : not building
    - cobalt                   : not building
    - chrono                   : not building
    - charconv                 : not building
    - bind                     : not building
    - bimap                    : not building
    - beast                    : not building
    - atomic                   : not building
    - assert                   : not building
    - asio                     : not building
    - any                      : not building

...patience...
...patience...
...patience...
...found 39031 targets...
/home/nathan/clpdev
task: [deps:yscope-dev-utils:boost:build-and-install] 
  echo "set(Boost_ROOT
    \"/home/nathan/clpdev/build/deps/cpp/boost-install\"
    CACHE PATH
    \"Package root for Boost.\"
  )" >> "/home/nathan/clpdev/build/deps/cpp/cmake-settings/Boost.cmake"
task: Task "deps:utils:yscope-dev-utils:cmake:remote:curl-/home/nathan/clpdev/build/deps/cpp/ystdlib-extracted.tar.gz" is up to date
task: Task "deps:utils:yscope-dev-utils:cmake:remote:curl-/home/nathan/clpdev/build/deps/cpp/msgpack-cxx-extracted.tar.gz" is up to date
task: Task "deps:utils:yscope-dev-utils:cmake:remote:download-and-extract-tar-/home/nathan/clpdev/build/deps/cpp/ystdlib-extracted" is up to date
task: [deps:utils:yscope-dev-utils:cmake:generate:/home/nathan/clpdev/build/deps/cpp/ystdlib-extracted/.-/home/nathan/clpdev/build/deps/cpp/ystdlib-build-[-C /home/nathan/clpdev/build/deps/cpp/cmake-settings/Boost.cmake -DCMAKE_POSITION_INDEPENDENT_CODE=ON -Dystdlib_BUILD_TESTING=OFF]] cmake -S "/home/nathan/clpdev/build/deps/cpp/ystdlib-extracted/." -B "/home/nathan/clpdev/build/deps/cpp/ystdlib-build" -C /home/nathan/clpdev/build/deps/cpp/cmake-settings/Boost.cmake -DCMAKE_POSITION_INDEPENDENT_CODE=ON -Dystdlib_BUILD_TESTING=OFF
task: Task "deps:utils:yscope-dev-utils:cmake:remote:download-and-extract-tar-/home/nathan/clpdev/build/deps/cpp/msgpack-cxx-extracted" is up to date
task: [deps:utils:yscope-dev-utils:cmake:generate:/home/nathan/clpdev/build/deps/cpp/msgpack-cxx-extracted/.-/home/nathan/clpdev/build/deps/cpp/msgpack-cxx-build-[-C /home/nathan/clpdev/build/deps/cpp/cmake-settings/Boost.cmake -DCMAKE_BUILD_TYPE=Release -DCMAKE_INSTALL_MESSAGE=LAZY -DCMAKE_POLICY_DEFAULT_CMP0074=NEW -DMSGPACK_BUILD_DOCS=OFF -DMSGPACK_CXX20=ON]] cmake -S "/home/nathan/clpdev/build/deps/cpp/msgpack-cxx-extracted/." -B "/home/nathan/clpdev/build/deps/cpp/msgpack-cxx-build" -C /home/nathan/clpdev/build/deps/cpp/cmake-settings/Boost.cmake -DCMAKE_BUILD_TYPE=Release -DCMAKE_INSTALL_MESSAGE=LAZY -DCMAKE_POLICY_DEFAULT_CMP0074=NEW -DMSGPACK_BUILD_DOCS=OFF -DMSGPACK_CXX20=ON
loading initial cache file /home/nathan/clpdev/build/deps/cpp/cmake-settings/Boost.cmake
-- Building the following libraries:
--  - containers
--  - error_handling
--  - io_interface
--  - wrapped_facade_headers
-- Found Boost 1.87.0.
-- Configuring done (0.0s)
-- Generating done (0.0s)
-- Build files have been written to: /home/nathan/clpdev/build/deps/cpp/ystdlib-build
loading initial cache file /home/nathan/clpdev/build/deps/cpp/cmake-settings/Boost.cmake
CMake Deprecation Warning at CMakeLists.txt:2 (CMAKE_MINIMUM_REQUIRED):
  Compatibility with CMake < 3.10 will be removed from a future version of
  CMake.

  Update the VERSION argument <min> value.  Or, use the <min>...<max> syntax
  to tell CMake that the project requires at least <min> but has been updated
  to work with policies introduced by <max> or earlier.


-- Dynamically linking with Boost
task: [deps:utils:yscope-dev-utils:cmake:build:/home/nathan/clpdev/build/deps/cpp/ystdlib-build-[]-[]] cmake --build "/home/nathan/clpdev/build/deps/cpp/ystdlib-build" --parallel "8"
-- Configuring done (0.0s)
-- Generating done (0.0s)
-- Build files have been written to: /home/nathan/clpdev/build/deps/cpp/msgpack-cxx-build
task: [deps:utils:yscope-dev-utils:cmake:build:/home/nathan/clpdev/build/deps/cpp/msgpack-cxx-build-[]-[]] cmake --build "/home/nathan/clpdev/build/deps/cpp/msgpack-cxx-build" --parallel "8"
[  0%] Built target containers
[  0%] Built target error_handling
[  0%] Built target wrapped_facade_headers
[100%] Built target io_interface
task: [deps:utils:yscope-dev-utils:cmake:install:/home/nathan/clpdev/build/deps/cpp/msgpack-cxx-build-/home/nathan/clpdev/build/deps/cpp/msgpack-cxx-install-[]] cmake --install "/home/nathan/clpdev/build/deps/cpp/msgpack-cxx-build" --prefix "/home/nathan/clpdev/build/deps/cpp/msgpack-cxx-install"
task: [deps:utils:yscope-dev-utils:cmake:install:/home/nathan/clpdev/build/deps/cpp/ystdlib-build-/home/nathan/clpdev/build/deps/cpp/ystdlib-install-[]] cmake --install "/home/nathan/clpdev/build/deps/cpp/ystdlib-build" --prefix "/home/nathan/clpdev/build/deps/cpp/ystdlib-install"
-- Install configuration: "Release"
-- Install configuration: ""
-- Up-to-date: /home/nathan/clpdev/build/deps/cpp/ystdlib-install/include/ystdlib/containers/Array.hpp
-- Up-to-date: /home/nathan/clpdev/build/deps/cpp/ystdlib-install/lib/cmake/ystdlib/libs/containers-target.cmake
-- Up-to-date: /home/nathan/clpdev/build/deps/cpp/ystdlib-install/lib/cmake/ystdlib/libs/containers-config.cmake
-- Up-to-date: /home/nathan/clpdev/build/deps/cpp/ystdlib-install/include/ystdlib/error_handling/ErrorCode.hpp
-- Up-to-date: /home/nathan/clpdev/build/deps/cpp/ystdlib-install/include/ystdlib/error_handling/Result.hpp
-- Up-to-date: /home/nathan/clpdev/build/deps/cpp/ystdlib-install/include/ystdlib/error_handling/utils.hpp
-- Up-to-date: /home/nathan/clpdev/build/deps/cpp/ystdlib-install/lib/cmake/ystdlib/libs/error_handling-target.cmake
-- Up-to-date: /home/nathan/clpdev/build/deps/cpp/ystdlib-install/lib/cmake/ystdlib/libs/error_handling-config.cmake
-- Up-to-date: /home/nathan/clpdev/build/deps/cpp/ystdlib-install/lib/libystdlib_io_interface.a
-- Up-to-date: /home/nathan/clpdev/build/deps/cpp/ystdlib-install/include/ystdlib/io_interface/ErrorCode.hpp
-- Up-to-date: /home/nathan/clpdev/build/deps/cpp/ystdlib-install/include/ystdlib/io_interface/ReaderInterface.hpp
-- Up-to-date: /home/nathan/clpdev/build/deps/cpp/ystdlib-install/include/ystdlib/io_interface/WriterInterface.hpp
-- Up-to-date: /home/nathan/clpdev/build/deps/cpp/ystdlib-install/lib/cmake/ystdlib/libs/io_interface-target.cmake
-- Up-to-date: /home/nathan/clpdev/build/deps/cpp/ystdlib-install/lib/cmake/ystdlib/libs/io_interface-target-noconfig.cmake
-- Up-to-date: /home/nathan/clpdev/build/deps/cpp/ystdlib-install/lib/cmake/ystdlib/libs/io_interface-config.cmake
-- Up-to-date: /home/nathan/clpdev/build/deps/cpp/ystdlib-install/include/ystdlib/wrapped_facade_headers/sys/types.h
-- Up-to-date: /home/nathan/clpdev/build/deps/cpp/ystdlib-install/lib/cmake/ystdlib/libs/wrapped_facade_headers-target.cmake
-- Up-to-date: /home/nathan/clpdev/build/deps/cpp/ystdlib-install/lib/cmake/ystdlib/libs/wrapped_facade_headers-config.cmake
-- Up-to-date: /home/nathan/clpdev/build/deps/cpp/ystdlib-install/lib/cmake/ystdlib/ystdlib-config.cmake
-- Up-to-date: /home/nathan/clpdev/build/deps/cpp/ystdlib-install/lib/cmake/ystdlib/ystdlib-config-version.cmake
task: [deps:utils:yscope-dev-utils:cmake:install:/home/nathan/clpdev/build/deps/cpp/ystdlib-build-/home/nathan/clpdev/build/deps/cpp/ystdlib-install-[]] 
  echo "set(ystdlib_ROOT
    \"/home/nathan/clpdev/build/deps/cpp/ystdlib-install\"
    CACHE PATH
    \"Package root for ystdlib.\"
  )" >> "/home/nathan/clpdev/build/deps/cpp/cmake-settings/ystdlib.cmake"
task: [deps:utils:yscope-dev-utils:cmake:install:/home/nathan/clpdev/build/deps/cpp/msgpack-cxx-build-/home/nathan/clpdev/build/deps/cpp/msgpack-cxx-install-[]] 
  echo "set(msgpack-cxx_ROOT
    \"/home/nathan/clpdev/build/deps/cpp/msgpack-cxx-install\"
    CACHE PATH
    \"Package root for msgpack-cxx.\"
  )" >> "/home/nathan/clpdev/build/deps/cpp/cmake-settings/msgpack-cxx.cmake"
task: Task "deps:utils:yscope-dev-utils:cmake:remote:curl-/home/nathan/clpdev/build/deps/cpp/log_surgeon-extracted.tar.gz" is up to date
task: Task "deps:utils:yscope-dev-utils:cmake:remote:download-and-extract-tar-/home/nathan/clpdev/build/deps/cpp/log_surgeon-extracted" is up to date
task: [deps:utils:yscope-dev-utils:cmake:generate:/home/nathan/clpdev/build/deps/cpp/log_surgeon-extracted/.-/home/nathan/clpdev/build/deps/cpp/log_surgeon-build-[-C /home/nathan/clpdev/build/deps/cpp/cmake-settings/Boost.cmake -C /home/nathan/clpdev/build/deps/cpp/cmake-settings/fmt.cmake -C /home/nathan/clpdev/build/deps/cpp/cmake-settings/Microsoft.GSL.cmake -C /home/nathan/clpdev/build/deps/cpp/cmake-settings/ystdlib.cmake -DCMAKE_BUILD_TYPE=Release -DCMAKE_INSTALL_MESSAGE=LAZY -Dlog_surgeon_BUILD_TESTING=OFF]] cmake -S "/home/nathan/clpdev/build/deps/cpp/log_surgeon-extracted/." -B "/home/nathan/clpdev/build/deps/cpp/log_surgeon-build" -C /home/nathan/clpdev/build/deps/cpp/cmake-settings/Boost.cmake -C /home/nathan/clpdev/build/deps/cpp/cmake-settings/fmt.cmake -C /home/nathan/clpdev/build/deps/cpp/cmake-settings/Microsoft.GSL.cmake -C /home/nathan/clpdev/build/deps/cpp/cmake-settings/ystdlib.cmake -DCMAKE_BUILD_TYPE=Release -DCMAKE_INSTALL_MESSAGE=LAZY -Dlog_surgeon_BUILD_TESTING=OFF
loading initial cache file /home/nathan/clpdev/build/deps/cpp/cmake-settings/Boost.cmake
loading initial cache file /home/nathan/clpdev/build/deps/cpp/cmake-settings/fmt.cmake
loading initial cache file /home/nathan/clpdev/build/deps/cpp/cmake-settings/Microsoft.GSL.cmake
loading initial cache file /home/nathan/clpdev/build/deps/cpp/cmake-settings/ystdlib.cmake
-- Found fmt 11.2.0.
-- Found Microsoft.GSL 4.0.0.
CMake Warning (dev) at /opt/pipx/venvs/cmake/lib/python3.10/site-packages/cmake/data/share/cmake-3.31/Modules/CMakeFindDependencyMacro.cmake:76 (find_package):
  Policy CMP0167 is not set: The FindBoost module is removed.  Run "cmake
  --help-policy CMP0167" for policy details.  Use the cmake_policy command to
  set the policy and suppress this warning.

Call Stack (most recent call first):
  /home/nathan/clpdev/build/deps/cpp/ystdlib-install/lib/cmake/ystdlib/libs/error_handling-config.cmake:3 (find_dependency)
  /home/nathan/clpdev/build/deps/cpp/ystdlib-install/lib/cmake/ystdlib/ystdlib-config.cmake:32 (include)
  CMakeLists.txt:55 (find_package)
This warning is for project developers.  Use -Wno-dev to suppress it.

-- Found ystdlib 0.1.0.
-- Configuring done (0.0s)
-- Generating done (0.0s)
-- Build files have been written to: /home/nathan/clpdev/build/deps/cpp/log_surgeon-build
task: [deps:utils:yscope-dev-utils:cmake:build:/home/nathan/clpdev/build/deps/cpp/log_surgeon-build-[]-[]] cmake --build "/home/nathan/clpdev/build/deps/cpp/log_surgeon-build" --parallel "8"
[100%] Built target log_surgeon
task: [deps:utils:yscope-dev-utils:cmake:install:/home/nathan/clpdev/build/deps/cpp/log_surgeon-build-/home/nathan/clpdev/build/deps/cpp/log_surgeon-install-[]] cmake --install "/home/nathan/clpdev/build/deps/cpp/log_surgeon-build" --prefix "/home/nathan/clpdev/build/deps/cpp/log_surgeon-install"
-- Install configuration: "Release"
task: [deps:utils:yscope-dev-utils:cmake:install:/home/nathan/clpdev/build/deps/cpp/log_surgeon-build-/home/nathan/clpdev/build/deps/cpp/log_surgeon-install-[]] 
  echo "set(log_surgeon_ROOT
    \"/home/nathan/clpdev/build/deps/cpp/log_surgeon-install\"
    CACHE PATH
    \"Package root for log_surgeon.\"
  )" >> "/home/nathan/clpdev/build/deps/cpp/cmake-settings/log_surgeon.cmake"
task: [deps:yscope-dev-utils:cmake:install-deps-and-generate-settings:/home/nathan/clpdev/build/deps/cpp/cmake-settings-core-all-parallel] for file in /home/nathan/clpdev/build/deps/cpp/cmake-settings/*.cmake; do
  if [[ "$file" != "/home/nathan/clpdev/build/deps/cpp/cmake-settings/all-core.cmake" ]]; then
    echo "include(\"$file\")" >> "/home/nathan/clpdev/build/deps/cpp/cmake-settings/all-core.cmake";
  fi
done
task: [deps:utils:combine-cpp-checksum-files] rm -f '/home/nathan/clpdev/build/deps/cpp/checksums/all.md5'
task: [deps:utils:combine-cpp-checksum-files] for file in "/home/nathan/clpdev/build/deps/cpp/checksums"/*.md5; do
  if [[ "$file" != "/home/nathan/clpdev/build/deps/cpp/checksums/all.md5" ]]; then
    cat "$file" >> "/home/nathan/clpdev/build/deps/cpp/checksums/all.md5"
  fi
done
task: [utils:cmake:generate:/home/nathan/clpdev/components/core-/home/nathan/clpdev/build/core-[]] cmake -S "/home/nathan/clpdev/components/core" -B "/home/nathan/clpdev/build/core"
-- Link-time optimization enabled.
-- Using Zstandard compression
-- Building using static libraries
-- Found absl 20250512
-- Found antlr4-runtime 4.13.2
CMake Warning (dev) at CMakeLists.txt:166 (find_package):
  Policy CMP0167 is not set: The FindBoost module is removed.  Run "cmake
  --help-policy CMP0167" for policy details.  Use the cmake_policy command to
  set the policy and suppress this warning.

This warning is for project developers.  Use -Wno-dev to suppress it.

CMake Warning (dev) at /opt/pipx/venvs/cmake/lib/python3.10/site-packages/cmake/data/share/cmake-3.31/Modules/FindPackageHandleStandardArgs.cmake:450 (message):
  `find_package()` specify a version range but the module Boost does not
  support this capability.  Only the lower endpoint of the range will be
  used.
Call Stack (most recent call first):
  /opt/pipx/venvs/cmake/lib/python3.10/site-packages/cmake/data/share/cmake-3.31/Modules/FindBoost.cmake:642 (find_package_handle_standard_args)
  CMakeLists.txt:166 (find_package)
This warning is for project developers.  Use -Wno-dev to suppress it.

-- Found Boost: /home/nathan/clpdev/build/deps/cpp/boost-install/lib/cmake/Boost-1.87.0/BoostConfig.cmake (found suitable version "1.87.0", minimum required is "1.81") found components: filesystem iostreams program_options regex system url
-- Found Boost 1.87.0
-- Found Catch2 3.8.0
-- Found date 3.0.0
-- Found fmt 11.2.0
CMake Warning (dev) at /opt/pipx/venvs/cmake/lib/python3.10/site-packages/cmake/data/share/cmake-3.31/Modules/CMakeFindDependencyMacro.cmake:76 (find_package):
  Policy CMP0167 is not set: The FindBoost module is removed.  Run "cmake
  --help-policy CMP0167" for policy details.  Use the cmake_policy command to
  set the policy and suppress this warning.

Call Stack (most recent call first):
  /home/nathan/clpdev/build/deps/cpp/ystdlib-install/lib/cmake/ystdlib/libs/error_handling-config.cmake:3 (find_dependency)
  /home/nathan/clpdev/build/deps/cpp/ystdlib-install/lib/cmake/ystdlib/ystdlib-config.cmake:32 (include)
  /opt/pipx/venvs/cmake/lib/python3.10/site-packages/cmake/data/share/cmake-3.31/Modules/CMakeFindDependencyMacro.cmake:76 (find_package)
  /home/nathan/clpdev/build/deps/cpp/log_surgeon-install/lib/cmake/log_surgeon/log_surgeon-config.cmake:38 (find_dependency)
  CMakeLists.txt:200 (find_package)
This warning is for project developers.  Use -Wno-dev to suppress it.

-- Found Boost: /home/nathan/clpdev/build/deps/cpp/boost-install/lib/cmake/Boost-1.87.0/BoostConfig.cmake (found suitable version "1.87.0", minimum required is "1.81.0") found components: headers
-- Found log_surgeon 0.0.1
-- Found nlohmann_json 3.11.3
-- Found CURL: /usr/lib/aarch64-linux-gnu/libcurl.so (found version "7.81.0")
-- Found opentelemetry-cpp 1.27.0
-- Found simdjson 4.6.4
-- Found spdlog 1.15.3
-- Found LibArchive 3.5.1
-- Found CURL: /usr/lib/aarch64-linux-gnu/libcurl.so (found suitable version "7.81.0", minimum required is "7.61.1")
-- Found CURL 7.81.0
-- Found OpenSSL (3.0.2)
CMake Warning (dev) at CMakeLists.txt:278 (message):
  MariaDBClient cannot be statically linked due to its license.
This warning is for project developers.  Use -Wno-dev to suppress it.

-- Found MariaDBClient 3.3.17
-- Found mongocxx 4.1.1
CMake Warning (dev) at /opt/pipx/venvs/cmake/lib/python3.10/site-packages/cmake/data/share/cmake-3.31/Modules/CMakeFindDependencyMacro.cmake:76 (find_package):
  Policy CMP0167 is not set: The FindBoost module is removed.  Run "cmake
  --help-policy CMP0167" for policy details.  Use the cmake_policy command to
  set the policy and suppress this warning.

Call Stack (most recent call first):
  /home/nathan/clpdev/build/deps/cpp/msgpack-cxx-install/lib/cmake/msgpack-cxx/msgpack-cxx-config.cmake:30 (find_dependency)
  CMakeLists.txt:301 (find_package)
This warning is for project developers.  Use -Wno-dev to suppress it.

-- Found Boost: /home/nathan/clpdev/build/deps/cpp/boost-install/lib/cmake/Boost-1.87.0/BoostConfig.cmake (found version "1.87.0")
-- Found msgpack-cxx 7.0.0
-- Found yaml-cpp 0.7.0
-- Found ystdlib-cpp 0.1.0
-- Found zstd 1.5.7
-- Found LibLZMA 5.8.1
-- Found xxHash 0.8.3
-- Configuring done (0.4s)
-- Generating done (0.2s)
-- Build files have been written to: /home/nathan/clpdev/build/core
task: [utils:cpp-lint:clang-tidy-output] mkdir -p '/home/nathan/clpdev/build/lint-clang-tidy'
task: Task "utils:cpp-lint:clang-tidy:/home/nathan/clpdev/components/core/src/glt/VariableDictionaryReader.hpp" is up to date
task: Task "utils:cpp-lint:clang-tidy:/home/nathan/clpdev/components/core/src/clp_s/aggregators.hpp" is up to date
task: [utils:cpp-lint:clang-tidy:/home/nathan/clpdev/components/core/src/clp_s/timestamp_parser/TimestampParser.cpp] . "/home/nathan/clpdev/build/lint-venv/bin/activate"
clang-tidy \
    --config-file '/home/nathan/clpdev/.clang-tidy' \
    --line-filter "[{\"name\":\"cpp11_zone.hpp\",\"lines\":[[197,197]]}]" \
    -p '/home/nathan/clpdev/build/core' \
  "/home/nathan/clpdev/components/core/src/clp_s/timestamp_parser/TimestampParser.cpp" &> "/home/nathan/clpdev/build/lint-clang-tidy/-home-nathan-clpdev-components-core-src-clp_s-timestamp_parser-TimestampParser.cpp.log"
task: Task "utils:cpp-lint:clang-tidy:/home/nathan/clpdev/components/core/src/clp_s/tests/test-sql.cpp" is up to date
task: Task "utils:cpp-lint:clang-tidy:/home/nathan/clpdev/components/core/src/clp_s/filter/FilterOptions.hpp" is up to date
task: Task "utils:cpp-lint:clang-tidy:/home/nathan/clpdev/components/core/src/clp/streaming_compression/lzma/Compressor.cpp" is up to date
task: Task "utils:cpp-lint:clang-tidy:/home/nathan/clpdev/components/core/tests/MockVariableDictionary.hpp" is up to date
task: Task "utils:cpp-lint:clang-tidy:/home/nathan/clpdev/components/core/src/clp/VariableDictionaryEntryReq.hpp" is up to date
task: Task "utils:cpp-lint:clang-tidy:/home/nathan/clpdev/components/core/src/clp/ffi/ir_stream/Deserializer.hpp" is up to date
task: Task "utils:cpp-lint:clang-tidy:/home/nathan/clpdev/components/core/tests/test-SchemaSearcher.cpp" is up to date
task: Task "utils:cpp-lint:clang-tidy:/home/nathan/clpdev/components/core/src/clp_s/kv_ir_search.cpp" is up to date
task: Task "utils:cpp-lint:clang-tidy:/home/nathan/clpdev/components/core/src/clp_s/log_converter/LogSerializer.hpp" is up to date
task: Task "utils:cpp-lint:clang-tidy:/home/nathan/clpdev/components/core/src/clp_s/tests/test-clp_s-end_to_end.cpp" is up to date
task: Task "utils:cpp-lint:clang-tidy:/home/nathan/clpdev/components/core/src/clp/ffi/ir_stream/IrSerializationError.cpp" is up to date
task: Task "utils:cpp-lint:clang-tidy:/home/nathan/clpdev/components/core/src/clp_s/search/TelemetryContext.cpp" is up to date
task: Task "utils:cpp-lint:clang-tidy:/home/nathan/clpdev/components/core/src/clp_s/filter/HashAlgorithm.hpp" is up to date
task: Task "utils:cpp-lint:clang-tidy:/home/nathan/clpdev/components/core/src/clp/ffi/KeyValuePairLogEvent.cpp" is up to date
task: Task "utils:cpp-lint:clang-tidy:/home/nathan/clpdev/components/core/src/clp/streaming_compression/lzma/Compressor.hpp" is up to date
task: Task "utils:cpp-lint:clang-tidy:/home/nathan/clpdev/components/core/src/clp/regex_utils/ErrorCode.hpp" is up to date
task: Task "utils:cpp-lint:clang-tidy:/home/nathan/clpdev/components/core/src/clp/ffi/ir_stream/IrSerializationError.hpp" is up to date
task: Task "utils:cpp-lint:clang-tidy:/home/nathan/clpdev/components/core/src/reducer/Operator.cpp" is up to date
task: Task "utils:cpp-lint:clang-tidy:/home/nathan/clpdev/components/core/tests/test-ffi_IrUnitHandlerReq.cpp" is up to date
task: Task "utils:cpp-lint:clang-tidy:/home/nathan/clpdev/components/core/src/clp_s/search/ast/FilterExpr.cpp" is up to date
task: Task "utils:cpp-lint:clang-tidy:/home/nathan/clpdev/components/core/src/clp/BufferedReader.hpp" is up to date
task: Task "utils:cpp-lint:clang-tidy:/home/nathan/clpdev/components/core/src/clp/VariableDictionaryReader.hpp" is up to date
task: Task "utils:cpp-lint:clang-tidy:/home/nathan/clpdev/components/core/tests/test-ffi_SchemaTree.cpp" is up to date
task: Task "utils:cpp-lint:clang-tidy:/home/nathan/clpdev/components/core/src/clp/regex_utils/RegexToWildcardTranslatorConfig.hpp" is up to date
task: Task "utils:cpp-lint:clang-tidy:/home/nathan/clpdev/components/core/src/clp/ffi/ir_stream/search/test/test_utils.cpp" is up to date
task: Task "utils:cpp-lint:clang-tidy:/home/nathan/clpdev/components/core/src/clp_s/ResultsCacheUtils.hpp" is up to date
task: Task "utils:cpp-lint:clang-tidy:/home/nathan/clpdev/components/core/src/clp_s/ResultsCacheUtils.cpp" is up to date
task: Task "utils:cpp-lint:clang-tidy:/home/nathan/clpdev/components/core/tests/TestOutputCleaner.hpp" is up to date
task: Task "utils:cpp-lint:clang-tidy:/home/nathan/clpdev/components/core/src/clp_s/ColumnWriter.hpp" is up to date
task: Task "utils:cpp-lint:clang-tidy:/home/nathan/clpdev/components/core/src/clp_s/ffi/sfa/ClpArchiveReader.hpp" is up to date
task: Task "utils:cpp-lint:clang-tidy:/home/nathan/clpdev/components/core/src/clp/regex_utils/regex_translation_utils.cpp" is up to date
task: Task "utils:cpp-lint:clang-tidy:/home/nathan/clpdev/components/core/tests/test-ffi_KeyValuePairLogEvent.cpp" is up to date
task: Task "utils:cpp-lint:clang-tidy:/home/nathan/clpdev/components/core/tests/SchemaSearcherTest.hpp" is up to date
task: Task "utils:cpp-lint:clang-tidy:/home/nathan/clpdev/components/core/src/clp/NetworkReader.hpp" is up to date
task: Task "utils:cpp-lint:clang-tidy:/home/nathan/clpdev/components/core/src/clp/ffi/ir_stream/IrDeserializationError.cpp" is up to date
task: Task "utils:cpp-lint:clang-tidy:/home/nathan/clpdev/components/core/src/clp_s/tests/test-clp_s-range_index.cpp" is up to date
task: Task "utils:cpp-lint:clang-tidy:/home/nathan/clpdev/components/core/src/glt/streaming_archive/writer/utils.hpp" is up to date
task: Task "utils:cpp-lint:clang-tidy:/home/nathan/clpdev/components/core/src/clp/CurlDownloadHandler.hpp" is up to date
task: Task "utils:cpp-lint:clang-tidy:/home/nathan/clpdev/components/core/src/clp/cli_utils.hpp" is up to date
task: Task "utils:cpp-lint:clang-tidy:/home/nathan/clpdev/components/core/src/clp_s/filter/FilterBuilder.cpp" is up to date
task: Task "utils:cpp-lint:clang-tidy:/home/nathan/clpdev/components/core/src/clp/ffi/ir_stream/DeserializerImpl.cpp" is up to date
task: Task "utils:cpp-lint:clang-tidy:/home/nathan/clpdev/components/core/src/clp_s/filter/XxHash.hpp" is up to date
task: Task "utils:cpp-lint:clang-tidy:/home/nathan/clpdev/components/core/src/clp/GlobalMetadataDBConfig.hpp" is up to date
task: Task "utils:cpp-lint:clang-tidy:/home/nathan/clpdev/components/core/src/clp/ffi/ir_stream/search/AstEvaluationResult.hpp" is up to date
task: Task "utils:cpp-lint:clang-tidy:/home/nathan/clpdev/components/core/src/clp/CurlGlobalInstance.cpp" is up to date
task: Task "utils:cpp-lint:clang-tidy:/home/nathan/clpdev/components/core/src/clp/ffi/ir_stream/IrUnitHandlerReq.hpp" is up to date
task: Task "utils:cpp-lint:clang-tidy:/home/nathan/clpdev/components/core/src/clp/FileDescriptorReader.hpp" is up to date
task: Task "utils:cpp-lint:clang-tidy:/home/nathan/clpdev/components/core/tests/test-StreamingCompression.cpp" is up to date
task: Task "utils:cpp-lint:clang-tidy:/home/nathan/clpdev/components/core/src/clp/streaming_archive/writer/utils.hpp" is up to date
task: Task "utils:cpp-lint:clang-tidy:/home/nathan/clpdev/components/core/src/clp/math_utils.hpp" is up to date
task: Task "utils:cpp-lint:clang-tidy:/home/nathan/clpdev/components/core/src/clp_s/RangeIndexWriter.cpp" is up to date
task: Task "utils:cpp-lint:clang-tidy:/home/nathan/clpdev/components/core/src/clp/streaming_compression/lzma/Decompressor.hpp" is up to date
task: Task "utils:cpp-lint:clang-tidy:/home/nathan/clpdev/components/core/src/clp_s/timestamp_parser/ErrorCode.hpp" is up to date
task: Task "utils:cpp-lint:clang-tidy:/home/nathan/clpdev/components/core/src/clp_s/search/sql/sql.hpp" is up to date
task: Task "utils:cpp-lint:clang-tidy:/home/nathan/clpdev/components/core/tests/test-string_utils.cpp" is up to date
task: Task "utils:cpp-lint:clang-tidy:/home/nathan/clpdev/components/core/src/clp/CurlOperationFailed.hpp" is up to date
task: Task "utils:cpp-lint:clang-tidy:/home/nathan/clpdev/components/core/src/clp_s/log_converter/CommandLineArguments.cpp" is up to date
task: Task "utils:cpp-lint:clang-tidy:/home/nathan/clpdev/components/core/src/clp_s/tests/test-FloatFormatEncoding.cpp" is up to date
task: Task "utils:cpp-lint:clang-tidy:/home/nathan/clpdev/components/core/src/clp/VariableDictionaryReaderReq.hpp" is up to date
task: Task "utils:cpp-lint:clang-tidy:/home/nathan/clpdev/components/core/src/clp/ffi/ir_stream/byteswap.hpp" is up to date
task: Task "utils:cpp-lint:clang-tidy:/home/nathan/clpdev/components/core/src/clp_s/search/ColumnScan.hpp" is up to date
task: Task "utils:cpp-lint:clang-tidy:/home/nathan/clpdev/components/core/src/clp_s/tests/test-clp_s-search.cpp" is up to date
task: Task "utils:cpp-lint:clang-tidy:/home/nathan/clpdev/components/core/src/clp_s/AggregationSink.cpp" is up to date
task: Task "utils:cpp-lint:clang-tidy:/home/nathan/clpdev/components/core/src/clp_s/ffi/sfa/SfaErrorCode.hpp" is up to date
task: Task "utils:cpp-lint:clang-tidy:/home/nathan/clpdev/components/core/src/clp_s/tests/test-clp_s-ffi_sfa_reader.cpp" is up to date
task: Task "utils:cpp-lint:clang-tidy:/home/nathan/clpdev/components/core/src/clp/hash_utils.hpp" is up to date
task: Task "utils:cpp-lint:clang-tidy:/home/nathan/clpdev/components/core/src/clp/global_metadata_db_utils.hpp" is up to date
task: Task "utils:cpp-lint:clang-tidy:/home/nathan/clpdev/components/core/src/clp_s/RangeIndexWriter.hpp" is up to date
task: Task "utils:cpp-lint:clang-tidy:/home/nathan/clpdev/components/core/src/clp_s/log_converter/LogSerializer.cpp" is up to date
task: Task "utils:cpp-lint:clang-tidy:/home/nathan/clpdev/components/core/src/clp/streaming_compression/lzma/Constants.hpp" is up to date
task: Task "utils:cpp-lint:clang-tidy:/home/nathan/clpdev/components/core/src/clp/SchemaSearcher.cpp" is up to date
task: Task "utils:cpp-lint:clang-tidy:/home/nathan/clpdev/components/core/src/clp/streaming_compression/zstd/Compressor.cpp" is up to date
task: Task "utils:cpp-lint:clang-tidy:/home/nathan/clpdev/components/core/src/clp_s/tests/test-clp_s-delta-encode-log-order.cpp" is up to date
task: Task "utils:cpp-lint:clang-tidy:/home/nathan/clpdev/components/core/src/clp_s/filter/FilterReader.cpp" is up to date
task: Task "utils:cpp-lint:clang-tidy:/home/nathan/clpdev/components/core/src/clp_s/int_float_compare.hpp" is up to date
task: Task "utils:cpp-lint:clang-tidy:/home/nathan/clpdev/components/core/src/clp_s/search/ast/SetTimestampLiteralPrecision.hpp" is up to date
task: Task "utils:cpp-lint:clang-tidy:/home/nathan/clpdev/components/core/src/clp_s/filter/BitmapView.hpp" is up to date
task: Task "utils:cpp-lint:clang-tidy:/home/nathan/clpdev/components/core/src/glt/math_utils.hpp" is up to date
task: Task "utils:cpp-lint:clang-tidy:/home/nathan/clpdev/components/core/src/clp_s/ffi/sfa/ClpArchiveReader.cpp" is up to date
task: Task "utils:cpp-lint:clang-tidy:/home/nathan/clpdev/components/core/src/clp_s/Defs.hpp" is up to date
task: Task "utils:cpp-lint:clang-tidy:/home/nathan/clpdev/components/core/src/clp/aws/constants.hpp" is up to date
task: Task "utils:cpp-lint:clang-tidy:/home/nathan/clpdev/components/core/src/glt/GlobalMetadataDBConfig.hpp" is up to date
task: Task "utils:cpp-lint:clang-tidy:/home/nathan/clpdev/components/core/src/clp/ffi/KeyValuePairLogEvent.hpp" is up to date
task: Task "utils:cpp-lint:clang-tidy:/home/nathan/clpdev/components/core/src/clp_s/filter/FilterOptions.cpp" is up to date
task: Task "utils:cpp-lint:clang-tidy:/home/nathan/clpdev/components/core/src/clp/ffi/ir_stream/search/ErrorCode.cpp" is up to date
task: Task "utils:cpp-lint:clang-tidy:/home/nathan/clpdev/components/core/src/clp/streaming_compression/lzma/Decompressor.cpp" is up to date
task: Task "utils:cpp-lint:clang-tidy:/home/nathan/clpdev/components/core/src/clp/regex_utils/constants.hpp" is up to date
task: Task "utils:cpp-lint:clang-tidy:/home/nathan/clpdev/components/core/src/clp/ffi/test/test_StringBlob.cpp" is up to date
task: Task "utils:cpp-lint:clang-tidy:/home/nathan/clpdev/components/core/src/glt/ir/utils.hpp" is up to date
task: Task "utils:cpp-lint:clang-tidy:/home/nathan/clpdev/components/core/src/clp_s/ColumnReader.hpp" is up to date
task: Task "utils:cpp-lint:clang-tidy:/home/nathan/clpdev/components/core/src/clp/ffi/ir_stream/search/NewProjectedSchemaTreeNodeCallbackReq.hpp" is up to date
task: Task "utils:cpp-lint:clang-tidy:/home/nathan/clpdev/components/core/src/glt/LogTypeDictionaryReader.hpp" is up to date
task: Task "utils:cpp-lint:clang-tidy:/home/nathan/clpdev/components/core/src/clp_s/filter/XxHash.cpp" is up to date
task: Task "utils:cpp-lint:clang-tidy:/home/nathan/clpdev/components/core/src/clp_s/log_converter/log_converter.cpp" is up to date
task: Task "utils:cpp-lint:clang-tidy:/home/nathan/clpdev/components/core/src/clp/ffi/ir_stream/search/test/test_deserializer_integration.cpp" is up to date
task: Task "utils:cpp-lint:clang-tidy:/home/nathan/clpdev/components/core/src/clp/ffi/SchemaTree.cpp" is up to date
task: Task "utils:cpp-lint:clang-tidy:/home/nathan/clpdev/components/core/src/clp/ffi/ir_stream/search/ErrorCode.hpp" is up to date
task: Task "utils:cpp-lint:clang-tidy:/home/nathan/clpdev/components/core/src/clp_s/filter/ErrorCode.cpp" is up to date
task: Task "utils:cpp-lint:clang-tidy:/home/nathan/clpdev/components/core/src/clp_s/TraceableException.hpp" is up to date
task: Task "utils:cpp-lint:clang-tidy:/home/nathan/clpdev/components/core/src/clp/ir/LogEventSerializer.hpp" is up to date
task: Task "utils:cpp-lint:clang-tidy:/home/nathan/clpdev/components/core/src/clp/ffi/ir_stream/KvIrDeserializerImpl.hpp" is up to date
task: Task "utils:cpp-lint:clang-tidy:/home/nathan/clpdev/components/core/src/clp_s/search/TelemetryContext.hpp" is up to date
task: Task "utils:cpp-lint:clang-tidy:/home/nathan/clpdev/components/core/src/clp/ffi/ir_stream/utils.cpp" is up to date
task: Task "utils:cpp-lint:clang-tidy:/home/nathan/clpdev/components/core/src/clp_s/filter/BloomFilter.hpp" is up to date
task: Task "utils:cpp-lint:clang-tidy:/home/nathan/clpdev/components/core/src/clp/ir/utils.hpp" is up to date
task: Task "utils:cpp-lint:clang-tidy:/home/nathan/clpdev/components/core/src/clp_s/tests/clp_s_test_utils.hpp" is up to date
task: Task "utils:cpp-lint:clang-tidy:/home/nathan/clpdev/components/core/src/clp/ffi/SchemaTree.hpp" is up to date
task: Task "utils:cpp-lint:clang-tidy:/home/nathan/clpdev/components/core/src/clp_s/timestamp_parser/test/test_TimestampParser.cpp" is up to date
task: Task "utils:cpp-lint:clang-tidy:/home/nathan/clpdev/components/core/src/clp/time_types.hpp" is up to date
task: Task "utils:cpp-lint:clang-tidy:/home/nathan/clpdev/components/core/src/clp_s/search/EvaluateRangeIndexFilters.cpp" is up to date
task: Task "utils:cpp-lint:clang-tidy:/home/nathan/clpdev/components/core/tests/test-regex_utils.cpp" is up to date
task: Task "utils:cpp-lint:clang-tidy:/home/nathan/clpdev/components/core/src/clp_s/tests/clp_s_test_utils.cpp" is up to date
task: Task "utils:cpp-lint:clang-tidy:/home/nathan/clpdev/components/core/src/clp/ffi/ir_stream/UnstructuredIrDeserializerImpl.cpp" is up to date
task: Task "utils:cpp-lint:clang-tidy:/home/nathan/clpdev/components/core/src/clp/ffi/ir_stream/search/utils.cpp" is up to date
task: Task "utils:cpp-lint:clang-tidy:/home/nathan/clpdev/components/core/tests/search_test_utils.hpp" is up to date
task: Task "utils:cpp-lint:clang-tidy:/home/nathan/clpdev/components/core/src/clp/ffi/utils.cpp" is up to date
task: Task "utils:cpp-lint:clang-tidy:/home/nathan/clpdev/components/core/src/clp/ffi/ir_stream/search/test/test_QueryHandlerImpl.cpp" is up to date
task: Task "utils:cpp-lint:clang-tidy:/home/nathan/clpdev/components/core/src/clp_s/search/ColumnScan.cpp" is up to date
task: Task "utils:cpp-lint:clang-tidy:/home/nathan/clpdev/components/core/src/clp/streaming_compression/zstd/Compressor.hpp" is up to date
task: Task "utils:cpp-lint:clang-tidy:/home/nathan/clpdev/components/core/src/clp_s/search/ast/SetTimestampLiteralPrecision.cpp" is up to date
task: Task "utils:cpp-lint:clang-tidy:/home/nathan/clpdev/components/core/src/clp/LogTypeDictionaryReaderReq.hpp" is up to date
task: Task "utils:cpp-lint:clang-tidy:/home/nathan/clpdev/components/core/src/clp_s/FloatFormatEncoding.cpp" is up to date
task: Task "utils:cpp-lint:clang-tidy:/home/nathan/clpdev/components/core/src/clp/aws/test/test_AwsAuthenticationSigner.cpp" is up to date
task: Task "utils:cpp-lint:clang-tidy:/home/nathan/clpdev/components/core/src/clp/ffi/ir_stream/UnstructuredIrDeserializerImpl.hpp" is up to date
task: Task "utils:cpp-lint:clang-tidy:/home/nathan/clpdev/components/core/src/clp_s/AggregationSink.hpp" is up to date
task: Task "utils:cpp-lint:clang-tidy:/home/nathan/clpdev/components/core/src/clp_s/DictionaryEntry.cpp" is up to date
task: Task "utils:cpp-lint:clang-tidy:/home/nathan/clpdev/components/core/src/clp/ffi/EncodedTextAstError.cpp" is up to date
task: Task "utils:cpp-lint:clang-tidy:/home/nathan/clpdev/components/core/src/clp/regex_utils/regex_translation_utils.hpp" is up to date
task: Task "utils:cpp-lint:clang-tidy:/home/nathan/clpdev/components/core/src/clp/ffi/ir_stream/search/utils.hpp" is up to date
task: Task "utils:cpp-lint:clang-tidy:/home/nathan/clpdev/components/core/src/clp_s/filter/ErrorCode.hpp" is up to date
task: Task "utils:cpp-lint:clang-tidy:/home/nathan/clpdev/components/core/tests/test-MemoryMappedFile.cpp" is up to date
task: Task "utils:cpp-lint:clang-tidy:/home/nathan/clpdev/components/core/src/clp_s/filter/FilterReader.hpp" is up to date
task: Task "utils:cpp-lint:clang-tidy:/home/nathan/clpdev/components/core/src/clp_s/search/EvaluateRangeIndexFilters.hpp" is up to date
task: Task "utils:cpp-lint:clang-tidy:/home/nathan/clpdev/components/core/src/clp/BufferedReader.cpp" is up to date
task: Task "utils:cpp-lint:clang-tidy:/home/nathan/clpdev/components/core/src/clp_s/Schema.hpp" is up to date
task: Task "utils:cpp-lint:clang-tidy:/home/nathan/clpdev/components/core/src/clp_s/search/OutputHandler.hpp" is up to date
task: Task "utils:cpp-lint:clang-tidy:/home/nathan/clpdev/components/core/src/clp_s/search/SearchTelemetry.cpp" is up to date
task: Task "utils:cpp-lint:clang-tidy:/home/nathan/clpdev/components/core/src/clp/utf8_utils.cpp" is up to date
task: Task "utils:cpp-lint:clang-tidy:/home/nathan/clpdev/components/core/src/clp/ffi/ir_stream/DeserializerImpl.hpp" is up to date
task: Task "utils:cpp-lint:clang-tidy:/home/nathan/clpdev/components/core/tests/test-FileDescriptorReader.cpp" is up to date
task: Task "utils:cpp-lint:clang-tidy:/home/nathan/clpdev/components/core/src/clp_s/filter/tests/test-clp_s-bloom_filter.cpp" is up to date
task: Task "utils:cpp-lint:clang-tidy:/home/nathan/clpdev/components/core/src/clp/ffi/ir_stream/IrUnitType.hpp" is up to date
task: Task "utils:cpp-lint:clang-tidy:/home/nathan/clpdev/components/core/src/clp/LogTypeDictionaryReader.hpp" is up to date
task: Task "utils:cpp-lint:clang-tidy:/home/nathan/clpdev/components/core/src/reducer/GroupTags.hpp" is up to date
task: Task "utils:cpp-lint:clang-tidy:/home/nathan/clpdev/components/core/src/clp_s/ColumnReader.cpp" is up to date
task: Task "utils:cpp-lint:clang-tidy:/home/nathan/clpdev/components/core/src/clp/string_utils/string_utils.hpp" is up to date
task: Task "utils:cpp-lint:clang-tidy:/home/nathan/clpdev/components/core/src/clp/ReadOnlyMemoryMappedFile.cpp" is up to date
task: Task "utils:cpp-lint:clang-tidy:/home/nathan/clpdev/components/core/src/clp/ffi/ir_stream/search/QueryHandlerImpl.cpp" is up to date
task: Task "utils:cpp-lint:clang-tidy:/home/nathan/clpdev/components/core/src/glt/streaming_archive/writer/utils.cpp" is up to date
task: Task "utils:cpp-lint:clang-tidy:/home/nathan/clpdev/components/core/src/clp/GlobalMetadataDBConfig.cpp" is up to date
task: Task "utils:cpp-lint:clang-tidy:/home/nathan/clpdev/components/core/src/clp/ir/types.hpp" is up to date
task: Task "utils:cpp-lint:clang-tidy:/home/nathan/clpdev/components/core/src/clp_s/ffi/sfa/SfaErrorCode.cpp" is up to date
task: Task "utils:cpp-lint:clang-tidy:/home/nathan/clpdev/components/core/src/clp_s/filter/FilterBuilder.hpp" is up to date
task: Task "utils:cpp-lint:clang-tidy:/home/nathan/clpdev/components/core/src/clp_s/log_converter/LogConverter.cpp" is up to date
task: Task "utils:cpp-lint:clang-tidy:/home/nathan/clpdev/components/core/src/clp_s/aggregators.cpp" is up to date
task: Task "utils:cpp-lint:clang-tidy:/home/nathan/clpdev/components/core/src/clp_s/search/ast/Value.hpp" is up to date
task: Task "utils:cpp-lint:clang-tidy:/home/nathan/clpdev/components/core/src/clp_s/filter/BloomFilter.cpp" is up to date
task: Task "utils:cpp-lint:clang-tidy:/home/nathan/clpdev/components/core/src/glt/ir/types.hpp" is up to date
task: Task "utils:cpp-lint:clang-tidy:/home/nathan/clpdev/components/core/src/clp_s/search/SearchTelemetry.hpp" is up to date
task: Task "utils:cpp-lint:clang-tidy:/home/nathan/clpdev/components/core/src/clp_s/tests/test_InputConfig.cpp" is up to date
task: Task "utils:cpp-lint:clang-tidy:/home/nathan/clpdev/components/core/src/clp_s/kv_ir_search.hpp" is up to date
task: Task "utils:cpp-lint:clang-tidy:/home/nathan/clpdev/components/core/src/clp_s/FloatFormatEncoding.hpp" is up to date
task: Task "utils:cpp-lint:clang-tidy:/home/nathan/clpdev/components/core/src/clp/ffi/ir_stream/search/test/utils.cpp" is up to date
task: Task "utils:cpp-lint:clang-tidy:/home/nathan/clpdev/components/core/src/clp/ffi/EncodedTextAstError.hpp" is up to date
task: Task "utils:cpp-lint:clang-tidy:/home/nathan/clpdev/components/core/src/clp_s/filter/tests/test-clp_s-xxhash.cpp" is up to date
task: Task "utils:cpp-lint:clang-tidy:/home/nathan/clpdev/components/core/tests/search_test_utils.cpp" is up to date
task: Task "utils:cpp-lint:clang-tidy:/home/nathan/clpdev/components/core/src/clp/BoundedReader.hpp" is up to date
task: Task "utils:cpp-lint:clang-tidy:/home/nathan/clpdev/components/core/src/clp/ffi/ir_stream/IrDeserializationError.hpp" is up to date
task: Task "utils:cpp-lint:clang-tidy:/home/nathan/clpdev/components/core/src/clp_s/filter/tests/test-clp_s-bitmap_view.cpp" is up to date
task: [utils:cpp-lint:clang-tidy:/home/nathan/clpdev/components/core/src/clp_s/timestamp_parser/TimestampParser.hpp] . "/home/nathan/clpdev/build/lint-venv/bin/activate"
clang-tidy \
    --config-file '/home/nathan/clpdev/.clang-tidy' \
    --line-filter "[{\"name\":\"cpp11_zone.hpp\",\"lines\":[[197,197]]}]" \
    -p '/home/nathan/clpdev/build/core' \
  "/home/nathan/clpdev/components/core/src/clp_s/timestamp_parser/TimestampParser.hpp" &> "/home/nathan/clpdev/build/lint-clang-tidy/-home-nathan-clpdev-components-core-src-clp_s-timestamp_parser-TimestampParser.hpp.log"
task: Task "utils:cpp-lint:clang-tidy:/home/nathan/clpdev/components/core/tests/test-BufferedReader.cpp" is up to date
task: Task "utils:cpp-lint:clang-tidy:/home/nathan/clpdev/components/core/src/clp_s/log_converter/CommandLineArguments.hpp" is up to date
task: Task "utils:cpp-lint:clang-tidy:/home/nathan/clpdev/components/core/src/clp/VariableDictionaryWriterReq.hpp" is up to date
task: Task "utils:cpp-lint:clang-tidy:/home/nathan/clpdev/components/core/src/clp/CurlGlobalInstance.hpp" is up to date
task: Task "utils:cpp-lint:clang-tidy:/home/nathan/clpdev/components/core/src/clp/ffi/Value.hpp" is up to date
task: Task "utils:cpp-lint:clang-tidy:/home/nathan/clpdev/components/core/src/clp/string_utils/constants.hpp" is up to date
task: Task "utils:cpp-lint:clang-tidy:/home/nathan/clpdev/components/core/src/clp/utf8_utils.hpp" is up to date
task: Task "utils:cpp-lint:clang-tidy:/home/nathan/clpdev/components/core/src/clp/ffi/StringBlob.hpp" is up to date
task: Task "utils:cpp-lint:clang-tidy:/home/nathan/clpdev/components/core/src/clp/EncodedVariableInterpreter.hpp" is up to date
task: Task "utils:cpp-lint:clang-tidy:/home/nathan/clpdev/components/core/src/clp/global_metadata_db_utils.cpp" is up to date
task: Task "utils:cpp-lint:clang-tidy:/home/nathan/clpdev/components/core/src/clp/aws/AwsAuthenticationSigner.hpp" is up to date
task: Task "utils:cpp-lint:clang-tidy:/home/nathan/clpdev/components/core/src/clp_s/tests/test-kql.cpp" is up to date
task: Task "utils:cpp-lint:clang-tidy:/home/nathan/clpdev/components/core/src/clp/ffi/ir_stream/ir_unit_deserialization_methods.cpp" is up to date
task: Task "utils:cpp-lint:clang-tidy:/home/nathan/clpdev/components/core/tests/test-GlobalMetadataDBConfig.cpp" is up to date
task: Task "utils:cpp-lint:clang-tidy:/home/nathan/clpdev/components/core/src/clp_s/search/ast/FilterExpr.hpp" is up to date
task: Task "utils:cpp-lint:clang-tidy:/home/nathan/clpdev/components/core/src/clp/regex_utils/ErrorCode.cpp" is up to date
task: Task "utils:cpp-lint:clang-tidy:/home/nathan/clpdev/components/core/src/clp/BoundedReader.cpp" is up to date
task: Task "utils:cpp-lint:clang-tidy:/home/nathan/clpdev/components/core/src/clp_s/ParsedMessage.hpp" is up to date
task: Task "utils:cpp-lint:clang-tidy:/home/nathan/clpdev/components/core/tests/MockLogTypeDictionary.hpp" is up to date
task: Task "utils:cpp-lint:clang-tidy:/home/nathan/clpdev/components/core/src/clp/streaming_compression/passthrough/Compressor.cpp" is up to date
task: Task "utils:cpp-lint:clang-tidy:/home/nathan/clpdev/components/core/src/reducer/types.hpp" is up to date
task: Task "utils:cpp-lint:clang-tidy:/home/nathan/clpdev/components/core/src/clp/string_utils/string_utils.cpp" is up to date
task: Task "utils:cpp-lint:clang-tidy:/home/nathan/clpdev/components/core/src/clp/ffi/ir_stream/search/QueryHandler.hpp" is up to date
task: Task "utils:cpp-lint:clang-tidy:/home/nathan/clpdev/components/core/src/clp/ffi/ir_stream/KvIrDeserializerImpl.cpp" is up to date
task: Task "utils:cpp-lint:clang-tidy:/home/nathan/clpdev/components/core/src/clp/streaming_archive/writer/utils.cpp" is up to date
task: Task "utils:cpp-lint:clang-tidy:/home/nathan/clpdev/components/core/src/clp/streaming_compression/passthrough/Compressor.hpp" is up to date
task: Task "utils:cpp-lint:clang-tidy:/home/nathan/clpdev/components/core/src/clp_s/log_converter/LogConverter.hpp" is up to date
task: Task "utils:cpp-lint:clang-tidy:/home/nathan/clpdev/components/core/src/clp_s/timestamp_parser/ErrorCode.cpp" is up to date
task: Task "utils:cpp-lint:clang-tidy:/home/nathan/clpdev/components/core/src/clp/TransactionManager.hpp" is up to date
task: Task "utils:cpp-lint:clang-tidy:/home/nathan/clpdev/components/core/src/clp/ffi/utils.hpp" is up to date
task: Task "utils:cpp-lint:clang-tidy:/home/nathan/clpdev/components/core/src/clp_s/filter/HashAlgorithm.cpp" is up to date
task: Task "utils:cpp-lint:clang-tidy:/home/nathan/clpdev/components/core/src/clp/SchemaSearcher.hpp" is up to date
task: Task "utils:cpp-lint:clang-tidy:/home/nathan/clpdev/components/core/src/clp/streaming_compression/zstd/Constants.hpp" is up to date
task: Task "utils:cpp-lint:clang-tidy:/home/nathan/clpdev/components/core/src/clp/ir/constants.hpp" is up to date
task: Task "utils:cpp-lint:clang-tidy:/home/nathan/clpdev/components/core/src/clp/ffi/ir_stream/search/QueryHandlerReq.hpp" is up to date
task: Task "utils:cpp-lint:clang-tidy:/home/nathan/clpdev/components/core/src/clp/ir/EncodedTextAst.hpp" is up to date
task: Task "utils:cpp-lint:clang-tidy:/home/nathan/clpdev/components/core/src/clp/ffi/ir_stream/search/QueryHandlerImpl.hpp" is up to date
task: Task "utils:cpp-lint:clang-tidy:/home/nathan/clpdev/components/core/src/clp/ffi/ir_stream/search/test/utils.hpp" is up to date
task: Task "utils:cpp-lint:clang-tidy:/home/nathan/clpdev/components/core/src/clp/LogTypeDictionaryEntryReq.hpp" is up to date
task: Task "utils:cpp-lint:clang-tidy:/home/nathan/clpdev/components/core/src/clp/CurlDownloadHandler.cpp" is up to date
task: Task "utils:cpp-lint:clang-tidy:/home/nathan/clpdev/components/core/src/clp/ffi/test/test_EncodedTextAst.cpp" is up to date
task: Task "utils:cpp-lint:clang-tidy:/home/nathan/clpdev/components/core/src/clp/ffi/EncodedTextAst.hpp" is up to date
task: Task "utils:cpp-lint:clang-tidy:/home/nathan/clpdev/components/core/src/clp/ReadOnlyMemoryMappedFile.hpp" is up to date
task: [utils:cpp-lint:clang-tidy:/home/nathan/clpdev/components/core/src/clp_s/timestamp_parser/TimestampParser.hpp] if [[ 0 -eq "" ]]; then
  echo "Passed" >> "/home/nathan/clpdev/build/lint-clang-tidy/-home-nathan-clpdev-components-core-src-clp_s-timestamp_parser-TimestampParser.hpp.log"
else
  echo "Failed" >> "/home/nathan/clpdev/build/lint-clang-tidy/-home-nathan-clpdev-components-core-src-clp_s-timestamp_parser-TimestampParser.hpp.log"
fi
task: [utils:cpp-lint:clang-tidy:/home/nathan/clpdev/components/core/src/clp_s/timestamp_parser/TimestampParser.cpp] if [[ 0 -eq "" ]]; then
  echo "Passed" >> "/home/nathan/clpdev/build/lint-clang-tidy/-home-nathan-clpdev-components-core-src-clp_s-timestamp_parser-TimestampParser.cpp.log"
else
  echo "Failed" >> "/home/nathan/clpdev/build/lint-clang-tidy/-home-nathan-clpdev-components-core-src-clp_s-timestamp_parser-TimestampParser.cpp.log"
fi
